"","order","family","genus","species","body.size","diet","locomotion"
"1","Artiodactyla","Suidae","Albanohyus","Albanohyus_castellensis",27.5,"omnivore","ambulatory"
"2","Artiodactyla","Bovidae","Alephis","Alephis_boodon",680,"grazer","cursorial"
"3","Artiodactyla","Palaeomerycidae","Ampelomeryx","Ampelomeryx_ginsburgi",135,"browser","cursorial"
"4","Artiodactyla","Cervidae","Amphiprox","Amphiprox_anocerus",67.5,"browser","cursorial"
"5","Artiodactyla","Andegamerycidae","Andegameryx","Andegameryx_andegaviensis",27.5,"mixed_feeder","cursorial"
"6","Artiodactyla","Bovidae","Aragoral","Aragoral_mudejar",67.5,"mixed_feeder","cursorial"
"7","Artiodactyla","Cervidae","Arvernoceros","Arvernoceros_ardei",270,"mixed_feeder","cursorial"
"8","Artiodactyla","Suidae","Aureliachoerus","Aureliachoerus_aurelianense",27.5,"omnivore","ambulatory"
"9","Artiodactyla","Bovidae","Austroportax","Austroportax_latifrons",67.5,"mixed_feeder","cursorial"
"10","Artiodactyla","Moschidae","Bedenomeryx","Bedenomeryx_truyolsi",27.5,"mixed_feeder","cursorial"
"11","Artiodactyla","Giraffidae","Birgerbohlinia","Birgerbohlinia_schaubi",680,"mixed_feeder","ambulatory"
"12","Artiodactyla","Bovidae","Bison","Bison_priscus",680,"grazer","cursorial"
"13","Artiodactyla","Bovidae","Bison","Bison_schoetensacki",680,"grazer","cursorial"
"14","Artiodactyla","Bovidae","Bison","Bison_voigtstedtensis",1000,"grazer","cursorial"
"15","Artiodactyla","Bovidae","Bos","Bos_primigenius",1000,"grazer","cursorial"
"16","Artiodactyla","Bovidae","Bos","Bos_taurus",680,"grazer","cursorial"
"17","Artiodactyla","Bovidae","Boselaphini","Boselaphini_indet._1",27.5,"mixed_feeder","cursorial"
"18","Artiodactyla","Bovidae","Boselaphini","Boselaphini_indet._2",27.5,"mixed_feeder","cursorial"
"19","Artiodactyla","Anthracotheriidae","Brachyodus","Brachyodus_intermedius",680,"browser","ambulatory"
"20","Artiodactyla","Anthracotheriidae","Brachyodus","Brachyodus_onoideus",680,"browser","ambulatory"
"21","Artiodactyla","Suidae","Bunolistriodon","Bunolistriodon_adelli",135,"omnivore","ambulatory"
"22","Artiodactyla","Suidae","Bunolistriodon","Bunolistriodon_lockharti",135,"omnivore","ambulatory"
"23","Artiodactyla","Caenotheriidae","Cainotherium","Cainotherium_miocaenicum",5.5,"mixed_feeder","cursorial"
"24","Artiodactyla","Caenotheriidae","Cainotherium","Cainotherium_sp._1",5.5,"mixed_feeder","cursorial"
"25","Artiodactyla","Caenotheriidae","Cainotherium","Cainotherium_sp._2",5.5,"mixed_feeder","cursorial"
"26","Artiodactyla","Bovidae","Capra","Capra_baetica",67.5,"mixed_feeder","cursorial"
"27","Artiodactyla","Bovidae","Capra","Capra_pyrenaica",67.5,"mixed_feeder","cursorial"
"28","Artiodactyla","Bovidae","Capreolus","Capreolus_capreolus",27.5,"mixed_feeder","cursorial"
"29","Artiodactyla","Cervidae","Cervus","Cervus_acoronatus",135,"mixed_feeder","cursorial"
"30","Artiodactyla","Cervidae","Cervus","Cervus_elaphus",135,"mixed_feeder","cursorial"
"31","Artiodactyla","Cervidae","Cervus","Cervus_perrieri",270,"mixed_feeder","cursorial"
"32","Artiodactyla","Suidae","Conohyus","Conohyus_ebroensis",270,"omnivore","ambulatory"
"33","Artiodactyla","Suidae","Conohyus","Conohyus_simorrense",67.5,"omnivore","ambulatory"
"34","Artiodactyla","Cervidae","Croizetoceros","Croizetoceros_pyrenaicus",27.5,"browser","cursorial"
"35","Artiodactyla","Cervidae","Croizetoceros","Croizetoceros_ramosus",67.5,"browser","cursorial"
"36","Artiodactyla","Cervidae","Dama","Dama_dama",67.5,"mixed_feeder","cursorial"
"37","Artiodactyla","Cervidae","Dama","Dama_vallonetensis",270,"mixed_feeder","cursorial"
"38","Artiodactyla","Suidae","Dasychoerus","Dasychoerus_arvernensis",67.5,"omnivore","ambulatory"
"39","Artiodactyla","Giraffidae","Decennatherium","Decennatherium_pachecoi",680,"mixed_feeder","ambulatory"
"40","Artiodactyla","Giraffidae","Decennatherium","Decennatherium_rex",680,"mixed_feeder","ambulatory"
"41","Artiodactyla","Tragulidae","Dorcatherium","Dorcatherium_crassum",27.5,"browser","ambulatory"
"42","Artiodactyla","Tragulidae","Dorcatherium","Dorcatherium_naui",27.5,"browser","ambulatory"
"43","Artiodactyla","Moschidae","Dremotherium","Dremotherium_cetinensis",27.5,"mixed_feeder","cursorial"
"44","Artiodactyla","Moschidae","Dremotherium","Dremotherium_feignouxi",27.5,"mixed_feeder","cursorial"
"45","Artiodactyla","Bovidae","Eotragus","Eotragus_artenensis",27.5,"mixed_feeder","cursorial"
"46","Artiodactyla","Bovidae","Eotragus","Eotragus_clavatus",27.5,"mixed_feeder","cursorial"
"47","Artiodactyla","Cervidae","Eucladoceros","Eucladoceros_giullii",270,"mixed_feeder","cursorial"
"48","Artiodactyla","Cervidae","Eucladoceros","Eucladoceros_senezensis",270,"mixed_feeder","cursorial"
"49","Artiodactyla","Cervidae","Euprox","Euprox_dicranocerus",67.5,"browser","cursorial"
"50","Artiodactyla","Cervidae","Euprox","Euprox_furcatus",67.5,"browser","cursorial"
"51","Artiodactyla","Cervidae","Euprox","Euprox_minimus",27.5,"browser","cursorial"
"52","Artiodactyla","Bovidae","Gallogoral","Gallogoral_meneghini",135,"mixed_feeder","cursorial"
"53","Artiodactyla","Bovidae","Gazella","Gazella_baturra",27.5,"mixed_feeder","cursorial"
"54","Artiodactyla","Bovidae","Gazella","Gazella_borbonica",27.5,"mixed_feeder","cursorial"
"55","Artiodactyla","Bovidae","Gazella","Gazella_deperdita",27.5,"mixed_feeder","cursorial"
"56","Artiodactyla","Bovidae","Gazella","Gazella_lydekkeri",27.5,"mixed_feeder","cursorial"
"57","Artiodactyla","Bovidae","Gazella","Gazella_soriae",27.5,"mixed_feeder","cursorial"
"58","Artiodactyla","Bovidae","Gazella","Gazella_sp._nov",27.5,"mixed_feeder","cursorial"
"59","Artiodactyla","Bovidae","Gazellospira","Gazellospira_torticornis",270,"mixed_feeder","cursorial"
"60","Artiodactyla","Cervidae","Haploidoceros","Haploidoceros_mediterraneus",135,"mixed_feeder","cursorial"
"61","Artiodactyla","Bovidae","Hemibos","Hemibos_gracilis",270,"grazer","cursorial"
"62","Artiodactyla","Bovidae","Hemitragus","Hemitragus_albus",27.5,"mixed_feeder","cursorial"
"63","Artiodactyla","Bovidae","Hemitragus","Hemitragus_bonali",27.5,"mixed_feeder","cursorial"
"64","Artiodactyla","Bovidae","Hesperidoceras","Hesperidoceras_merlae",270,"mixed_feeder","cursorial"
"65","Artiodactyla","Cervidae","Heteroprox","Heteroprox_larteti",27.5,"mixed_feeder","cursorial"
"66","Artiodactyla","Cervidae","Heteroprox","Heteroprox_moralesi",27.5,"mixed_feeder","cursorial"
"67","Artiodactyla","Hippopotamidae","Hexaprotodon","Hexaprotodon_crusafonti",1000,"grazer","ambulatory"
"68","Artiodactyla","Hippopotamidae","Hippopotamus","Hippopotamus_antiquus",1000,"grazer","ambulatory"
"69","Artiodactyla","Bovidae","Hispanodorcas","Hispanodorcas_heintzi",27.5,"mixed_feeder","cursorial"
"70","Artiodactyla","Bovidae","Hispanodorcas","Hispanodorcas_torrubiae",27.5,"mixed_feeder","cursorial"
"71","Artiodactyla","Moschidae","Hispanomeryx","Hispanomeryx_aragonensis",5.5,"browser","cursorial"
"72","Artiodactyla","Moschidae","Hispanomeryx","Hispanomeryx_daamsi",27.5,"browser","cursorial"
"73","Artiodactyla","Moschidae","Hispanomeryx","Hispanomeryx_duriensis",27.5,"browser","cursorial"
"74","Artiodactyla","Moschidae","Hydropotopsis","Hydropotopsis_sp.",5.5,"mixed_feeder","cursorial"
"75","Artiodactyla","Suidae","Hyotherium","Hyotherium_major",67.5,"mixed_feeder","ambulatory"
"76","Artiodactyla","Suidae","Hyotherium","Hyotherium_meisneri",27.5,"omnivore","ambulatory"
"77","Artiodactyla","Suidae","Hyotherium","Hyotherium_soemmeringi",5.5,"omnivore","ambulatory"
"78","Artiodactyla","Lagomerycidae","Lagomeryx","Lagomeryx_minimus",5.5,"mixed_feeder","cursorial"
"79","Artiodactyla","Lagomerycidae","Lagomeryx","Lagomeryx_pumilio",5.5,"browser","cursorial"
"80","Artiodactyla","Lagomerycidae","Lagomeryx","Lagomeryx_ruetimeyeri",27.5,"browser","cursorial"
"81","Artiodactyla","Bovidae","Leptobos","Leptobos_elatus",270,"grazer","cursorial"
"82","Artiodactyla","Bovidae","Leptobos","Leptobos_etruscus",270,"grazer","cursorial"
"83","Artiodactyla","Suidae","Listriodon","Listriodon_retamaensis",135,"browser","ambulatory"
"84","Artiodactyla","Suidae","Listriodon","Listriodon_splendens",135,"browser","ambulatory"
"85","Artiodactyla","Palaeochoeridae","Lorancahyus","Lorancahyus_hypsorhizus",27.5,"omnivore","ambulatory"
"86","Artiodactyla","Giraffoidea","Lorancameryx","Lorancameryx_pachyostoticus",135,"browser","ambulatory"
"87","Artiodactyla","Cervidae","Lucentia","Lucentia_iberica",27.5,"mixed_feeder","cursorial"
"88","Artiodactyla","Cervidae","Lucentia","Lucentia_pierensis",27.5,"mixed_feeder","cursorial"
"89","Artiodactyla","Cervidae","Megaloceros","Megaloceros_novocarthaginiensis",270,"mixed_feeder","cursorial"
"90","Artiodactyla","Cervidae","Megaloceros","Megaloceros_savini",135,"mixed_feeder","cursorial"
"91","Artiodactyla","Cervidae","Metacervoceros","Metacervoceros_rhenanus",67.5,"mixed_feeder","cursorial"
"92","Artiodactyla","Moschidae","Micromeryx","Micromeryx_azanzae",5.5,"browser","cursorial"
"93","Artiodactyla","Moschidae","Micromeryx","Micromeryx_flourensianus",5.5,"frugivore","cursorial"
"94","Artiodactyla","Moschidae","Micromeryx","Micromeryx_large_size",27.5,"browser","cursorial"
"95","Artiodactyla","Moschidae","Micromeryx","Micromeryx_small_size",5.5,"browser","cursorial"
"96","Artiodactyla","Moschidae","Micromeryx","Micromeryx_soriae",5.5,"browser","cursorial"
"97","Artiodactyla","Moschidae","Micromeryx","Micromeryx_sp_nov_1",5.5,"browser","cursorial"
"98","Artiodactyla","Moschidae","Micromeryx","Micromeryx_sp_nov_2",5.5,"browser","cursorial"
"99","Artiodactyla","Suidae","Microstonyx","Microstonyx_erymanthius",270,"omnivore","ambulatory"
"100","Artiodactyla","Suidae","Microstonyx","Microstonyx_major",270,"omnivore","ambulatory"
"101","Artiodactyla","Bovidae","Miotragocerus","Miotragocerus_monacensis",67.5,"mixed_feeder","cursorial"
"102","Artiodactyla","Bovidae","Miotragocerus","Miotragocerus_pannoniae",67.5,"mixed_feeder","cursorial"
"103","Artiodactyla","Bovidae","Miotragocerus","Miotragocerus_sp._1",67.5,"mixed_feeder","cursorial"
"104","Artiodactyla","Giraffidae","Mitilanotherium","Mitilanotherium_inexpectatum",5.5,"mixed_feeder","ambulatory"
"105","Artiodactyla","Paleomerycidae","Oriomeryx","Oriomeryx_major",27.5,"mixed_feeder","cursorial"
"106","Artiodactyla","Bovidae","Ovis","Ovis_antiqua",135,"mixed_feeder","cursorial"
"107","Artiodactyla","Bovidae","Ovis","Ovis_aries",67.5,"grazer","cursorial"
"108","Artiodactyla","Paleomerycidae","Palaeomeryx","Palaeomeryx_magnus",270,"browser","cursorial"
"109","Artiodactyla","Cervidae","Palaeoplatyceros","Palaeoplatyceros_hispanicus",27.5,"browser","cursorial"
"110","Artiodactyla","Bovidae","Palaeoryx","Palaeoryx_pallasi",270,"browser","cursorial"
"111","Artiodactyla","Bovidae","Parabos","Parabos_cordieri",270,"grazer","cursorial"
"112","Artiodactyla","Bovidae","Parabos","Parabos_soriae",270,"grazer","cursorial"
"113","Artiodactyla","Camelidae","Paracamelus","Paracamelus_aguirrei",1000,"mixed_feeder","cursorial"
"114","Artiodactyla","Suidae","Parachleuastochoerus","Parachleuastochoerus_crusafonti",27.5,"omnivore","ambulatory"
"115","Artiodactyla","Suidae","Parachleuastochoerus","Parachleuastochoerus_huenermanni",27.5,"omnivore","ambulatory"
"116","Artiodactyla","Suidae","Parachleuastochoerus","Parachleuastochoerus_steinheimensis",67.5,"omnivore","ambulatory"
"117","Artiodactyla","Cervidae","Pliocervus","Pliocervus_matheroni",27.5,"browser","cursorial"
"118","Artiodactyla","Cervidae","Pliocervus","Pliocervus_turolensis",67.5,"browser","cursorial"
"119","Artiodactyla","Moschidae","Pomelomeryx","Pomelomeryx_gracilis",5.5,"mixed_feeder","cursorial"
"120","Artiodactyla","Suidae","Potamochoerus","Potamochoerus_magnus",270,"omnivore","ambulatory"
"121","Artiodactyla","Cervidae","Praemegaceros","Praemegaceros_solilhacus",680,"mixed_feeder","cursorial"
"122","Artiodactyla","Cervidae","Praemegaceros","Praemegaceros_verticornis",680,"mixed_feeder","cursorial"
"123","Artiodactyla","Bovidae","Praeovibos","Praeovibos_priscus",680,"mixed_feeder","cursorial"
"124","Artiodactyla","Bovidae","Procamptoceras","Procamptoceras_brivatense",67.5,"mixed_feeder","cursorial"
"125","Artiodactyla","Cervidae","Procapreolus","Procapreolus_cusanus",67.5,"mixed_feeder","cursorial"
"126","Artiodactyla","Cervidae","Procervulus","Procervulus_dichotomus",27.5,"mixed_feeder","cursorial"
"127","Artiodactyla","Cervidae","Procervulus","Procervulus_ginsburgi",27.5,"mixed_feeder","cursorial"
"128","Artiodactyla","Cervidae","Procervulus","Procervulus_praelucidus",27.5,"mixed_feeder","cursorial"
"129","Artiodactyla","Suidae","Propotamochoerus","Propotamochoerus_palaeochoerus",135,"omnivore","ambulatory"
"130","Artiodactyla","Suidae","Propotamochoerus","Propotamochoerus_provincialis",135,"omnivore","ambulatory"
"131","Artiodactyla","Bovidae","Protoryx","Protoryx_carolinae",135,"mixed_feeder","cursorial"
"132","Artiodactyla","Bovidae","Protoryx","Protoryx_sp._nov_1",67.5,"mixed_feeder","cursorial"
"133","Artiodactyla","Bovidae","Protoryx","Protoryx_sp._nov_2",135,"mixed_feeder","cursorial"
"134","Artiodactyla","Bovidae","Protragocerus","Protragocerus_chantrei",67.5,"browser","cursorial"
"135","Artiodactyla","Cervidae","Pseudodama","Pseudodama_sp.",135,"mixed_feeder","cursorial"
"136","Artiodactyla","Bovidae","Rupicapra","Rupicapra_pyrenaica",27.5,"mixed_feeder","cursorial"
"137","Artiodactyla","Bovidae","Rupicapra","Rupicapra_rupicapra",27.5,"mixed_feeder","cursorial"
"138","Artiodactyla","Bovidae","Samotragus","Samotragus_pilgrimi",27.5,"mixed_feeder","cursorial"
"139","Artiodactyla","Palaeochoeridae","Schizoporcus","Schizoporcus_sp.",27.5,"omnivore","ambulatory"
"140","Artiodactyla","Giraffidae","Sivatherium","Sivatherium_hendeyi",1000,"mixed_feeder","ambulatory"
"141","Artiodactyla","Bovidae","Soergelia","Soergelia_minor",270,"mixed_feeder","cursorial"
"142","Artiodactyla","Cervidae","Stehlinoceros","Stehlinoceros_elegantulus",27.5,"mixed_feeder","cursorial"
"143","Artiodactyla","Suidae","Sus","Sus_domesticus",67.5,"omnivore","ambulatory"
"144","Artiodactyla","Suidae","Sus","Sus_scrofa",67.5,"omnivore","ambulatory"
"145","Artiodactyla","Palaeochoeridae","Taucanamo","Taucanamo_primum",27.5,"omnivore","ambulatory"
"146","Artiodactyla","Palaeochoeridae","Taucanamo","Taucanamo_sansaniense",27.5,"omnivore","ambulatory"
"147","Artiodactyla","Giraffoidea","Teruelia","Teruelia_adroveri",67.5,"mixed_feeder","ambulatory"
"148","Artiodactyla","Bovidae","Tethytragus","Tethytragus_langai",27.5,"mixed_feeder","cursorial"
"149","Artiodactyla","Bovidae","Tragoportax","Tragoportax_gaudryi",135,"mixed_feeder","cursorial"
"150","Artiodactyla","Bovidae","Tragoportax","Tragoportax_ventiensis",67.5,"mixed_feeder","cursorial"
"151","Artiodactyla","Bovidae","Tragoreas","Tragoreas_oryxoides",27.5,"mixed_feeder","cursorial"
"152","Artiodactyla","Paleomerycidae","Triceromeryx","Triceromeryx_pachecoi",135,"browser","cursorial"
"153","Artiodactyla","Cervidae","Turiacemas","Turiacemas_concudensis",67.5,"browser","cursorial"
"154","Artiodactyla","Suidae","Xenohyus","Xenohyus_venitor",135,"omnivore","ambulatory"
"155","Artiodactyla","Palaeomerycidae","Xenokeryx","Xenokeryx_amidalae",135,"browser","cursorial"
"156","Carnivora","Felidae","Acinonyx","Acinonyx_pardinensis",67.5,"hypercarnivore","cursorial"
"157","Carnivora","Hyaenidae","Adcrocuta","Adcrocuta_eximia",67.5,"meat_bone","ambulatory"
"158","Carnivora","Mustelidae","Adroverictis","Adroverictis_ginsburgi",5.5,"omnivore","scansorial"
"159","Carnivora","Mustelidae","Adroverictis","Adroverictis_schmitkittleri",5.5,"omnivore","scansorial"
"160","Carnivora","Barbourofelidae","Afrosmilus","Afrosmilus_hispanicus",27.5,"hypercarnivore","ambulatory"
"161","Carnivora","Amphicyonidae","Agnotherium","Agnotherium_antiquus",135,"hypercarnivore","ambulatory"
"162","Carnivora","Ursidae","Agriotherium","Agriotherium_insigne",680,"omnivore","ambulatory"
"163","Carnivora","Ursidae","Agriotherium","Agriotherium_roblesi",1000,"omnivore","ambulatory"
"164","Carnivora","Barbourofelidae","Albanosmilus","Albanosmilus_jourdani",67.5,"hypercarnivore","ambulatory"
"165","Carnivora","Amphicyonidae","Amphicyon","Amphicyon_giganteus",270,"meat_bone","ambulatory"
"166","Carnivora","Amphicyonidae","Amphicyon","Amphicyon_major",270,"meat_bone","ambulatory"
"167","Carnivora","Amphicyonidae","Amphicyon","Amphicyon_olisiponensis",135,"meat_bone","ambulatory"
"168","Carnivora","Amphicyonidae","Amphicyon","Amphicyon_steinheimensis",135,"meat_bone","ambulatory"
"169","Carnivora","Felidae","Amphimachairodus","Amphimachairodus_giganteus",270,"hypercarnivore","ambulatory"
"170","Carnivora","Mustelidae","Baranogale","Baranogale_adroveri",5.5,"carnivore_invert","scansorial"
"171","Carnivora","Canidae","Canis","Canis_adoxus",27.5,"hypercarnivore","cursorial"
"172","Carnivora","Canidae","Canis","Canis_arnensis",27.5,"hypercarnivore","cursorial"
"173","Carnivora","Canidae","Canis","Canis_cipio",27.5,"hypercarnivore","cursorial"
"174","Carnivora","Canidae","Canis","Canis_etruscus",110,"hypercarnivore","cursorial"
"175","Carnivora","Canidae","Canis","Canis_lupus",110,"hypercarnivore","cursorial"
"176","Carnivora","Canidae","Canis","Canis_mosbachensis",110,"hypercarnivore","cursorial"
"177","Carnivora","Canidae","Canis","Canis_occitanus",27.5,"hypercarnivore","cursorial"
"178","Carnivora","Felidae","Caracal","Caracal_depereti",27.5,"hypercarnivore","ambulatory"
"179","Carnivora","Hyaenidae","Chasmaporthetes","Chasmaporthetes_lunensis",67.5,"meat_bone","cursorial"
"180","Carnivora","Mephitidae","Circamustela","Circamustela_dechaseauxi",5.5,"carnivore","scansorial"
"181","Carnivora","Hyaenidae","Crocuta","Crocuta_crocuta",67.5,"meat_bone","ambulatory"
"182","Carnivora","Canidae","Cuon","Cuon_alpinus",110,"hypercarnivore","cursorial"
"183","Carnivora","Amphicyonidae","Cynelos","Cynelos_helbingi",67.5,"carnivore","ambulatory"
"184","Carnivora","Hemicyonidae","Dinocyon","Dinocyon_mayorali",67.5,"carnivore","ambulatory"
"185","Carnivora","Hemicyonidae","Dinocyon","Dinocyon_sp.",67.5,"carnivore","ambulatory"
"186","Carnivora","Mustelidae","Enhydrictis","Enhydrictis_ardea",5.5,"carnivore","ambulatory"
"187","Carnivora","Mustelidae","Eomellivora","Eomellivora_piveteaui",27.5,"hypercarnivore","ambulatory"
"188","Carnivora","Canidae","Eucyon","Eucyon_debonisi",110,"carnivore","cursorial"
"189","Carnivora","Canidae","Eucyon","Eucyon_monticinensis",110,"carnivore","cursorial"
"190","Carnivora","Felidae","Felinae","Felinae_sp._nov_1",27.5,"hypercarnivore","ambulatory"
"191","Carnivora","Felidae","Felis","Felis_silvestris",5.5,"hypercarnivore","ambulatory"
"192","Carnivora","Felidae","Felis","Felis_sp._nov_2",5.5,"hypercarnivore","ambulatory"
"193","Carnivora","Felidae","Fortunictis","Fortunictis_acerensis",135,"hypercarnivore","scansorial"
"194","Carnivora","Viverridae","Genetta","Genetta_genetta",5.5,"carnivore","scansorial"
"195","Carnivora","Mustelidae","Grivamephitis","Grivamephitis_pusilla",0.5,"carnivore","ambulatory"
"196","Carnivora","Amphicyonidae","Haplocyonoides","Haplocyonoides_mordax",67.5,"carnivore","ambulatory"
"197","Carnivora","Hemicyonidae","Hemicyon","Hemicyon_sansaniensis",270,"carnivore","ambulatory"
"198","Carnivora","Hemicyonidae","Hemicyon","Hemicyon_stehlini",67.5,"carnivore","ambulatory"
"199","Carnivora","Herpestidae","Herpestes","Herpestes_ichneumon",5.5,"carnivore","ambulatory"
"200","Carnivora","Viverridae","Herpestides","Herpestides_antiquus",5.5,"omnivore","scansorial"
"201","Carnivora","Viverridae","Herpestides","Herpestides_aurelianensis",5.5,"omnivore","scansorial"
"202","Carnivora","Felidae","Homotherium","Homotherium_latidens",270,"hypercarnivore","cursorial"
"203","Carnivora","Hyaenidae","Hyaena","Hyaena_brunnea",27.5,"meat_bone","ambulatory"
"204","Carnivora","Hyaenidae","Hyaena","Hyaena_pyrenaica",27.5,"meat_bone","ambulatory"
"205","Carnivora","Hyaenidae","Hyaena","Hyaena_spelaea",27.5,"meat_bone","ambulatory"
"206","Carnivora","Hyaenidae","Hyaenictis","Hyaenictis_almerai",67.5,"meat_bone","cursorial"
"207","Carnivora","Hyaenidae","Hyaenictis","Hyaenictis_graeca",67.5,"meat_bone","cursorial"
"208","Carnivora","Hyaenidae","Hyanictitherium","Hyanictitherium_sp.",27.5,"carnivore","ambulatory"
"209","Carnivora","Mustelidae","Iberictis","Iberictis_azanzae",27.5,"carnivore","ambulatory"
"210","Carnivora","Mustelidae","Iberictis","Iberictis_buloti",27.5,"carnivore","ambulatory"
"211","Carnivora","Hyaenidae","Ictitherium","Ictitherium_pannonicum",27.5,"carnivore","ambulatory"
"212","Carnivora","Ursidae","Indarctos","Indarctos_arctoides",135,"omnivore","ambulatory"
"213","Carnivora","Ursidae","Indarctos","Indarctos_punjabiensis",270,"omnivore","ambulatory"
"214","Carnivora","Ursidae","Indarctos","Indarctos_vireti",135,"omnivore","ambulatory"
"215","Carnivora","Mustelidae","Ischyrictis","Ischyrictis_petteri",27.5,"hypercarnivore","scansorial"
"216","Carnivora","Mustelidae","Ischyrictis","Ischyrictis_zibethoides",27.5,"carnivore","ambulatory"
"217","Carnivora","Ursidae","Kretzoiarctos","Kretzoiarctos_beatrix",67.5,"omnivore","ambulatory"
"218","Carnivora","Felidae","Leptofelis","Leptofelis_vallesiensis",27.5,"hypercarnivore","ambulatory"
"219","Carnivora","Herpestidae","Leptoplesictis","Leptoplesictis_aurelianensis",0.5,"carnivore_invert","scansorial"
"220","Carnivora","Mustelidae","Limnonyx","Limnonyx_sinerizi",5.5,"carnivore_invert","aquatic"
"221","Carnivora","Mustelidae","Lutra","Lutra_affinis",27.5,"carnivore_invert","aquatic"
"222","Carnivora","Mustelidae","Lutra","Lutra_lutra",27.5,"carnivore_invert","aquatic"
"223","Carnivora","Canidae","Lycaon","Lycaon_falconeri",110,"hypercarnivore","cursorial"
"224","Carnivora","Hyaenidae","Lycyaena","Lycyaena_chaeretis",27.5,"meat_bone","cursorial"
"225","Carnivora","Felidae","Lynx","Lynx_issiodorensis",27.5,"hypercarnivore","ambulatory"
"226","Carnivora","Felidae","Lynx","Lynx_pardinus",27.5,"hypercarnivore","ambulatory"
"227","Carnivora","Felidae","Machairodus","Machairodus_alberdiae",135,"hypercarnivore","ambulatory"
"228","Carnivora","Felidae","Machairodus","Machairodus_aphanistus",135,"hypercarnivore","ambulatory"
"229","Carnivora","Ailuridae","Magerictis","Magerictis_imperialensis",5.5,"omnivore","scansorial"
"230","Carnivora","Amphicyonidae","Magericyon","Magericyon_anceps",270,"hypercarnivore","cursorial"
"231","Carnivora","Amphicyonidae","Magericyon","Magericyon_castellanus",270,"hypercarnivore","cursorial"
"232","Carnivora","Mustelidae","Marcetia","Marcetia_santigae",5.5,"omnivore","scansorial"
"233","Carnivora","Mustelidae","Martes","Martes_andersoni",5.5,"hypercarnivore","scansorial"
"234","Carnivora","Mustelidae","Martes","Martes_basilii",5.5,"hypercarnivore","scansorial"
"235","Carnivora","Mustelidae","Martes","Martes_burdigaliensis",0.5,"hypercarnivore","scansorial"
"236","Carnivora","Mustelidae","Martes","Martes_foina",5.5,"hypercarnivore","scansorial"
"237","Carnivora","Mustelidae","Martes","Martes_ginsburgi",5.5,"hypercarnivore","scansorial"
"238","Carnivora","Mustelidae","Martes","Martes_laevidens",5.5,"hypercarnivore","scansorial"
"239","Carnivora","Mustelidae","Martes","Martes_mellibula",5.5,"hypercarnivore","scansorial"
"240","Carnivora","Mustelidae","Martes","Martes_munki",5.5,"hypercarnivore","scansorial"
"241","Carnivora","Mustelidae","Martes","Martes_paleosinensis",5.5,"hypercarnivore","scansorial"
"242","Carnivora","Mustelidae","Martes","Martes_sainjoni",5.5,"hypercarnivore","scansorial"
"243","Carnivora","Felidae","Megantereon","Megantereon_cultridens",67.5,"hypercarnivore","ambulatory"
"244","Carnivora","Felidae","Megantereon","Megantereon_whitei",67.5,"hypercarnivore","ambulatory"
"245","Carnivora","Mustelidae","Meles","Meles_iberica",5.5,"omnivore","ambulatory"
"246","Carnivora","Mustelidae","Meles","Meles_meles",27.5,"omnivore","ambulatory"
"247","Carnivora","Mephitidae","Mesomephitis","Mesomephitis_medius",0.5,"omnivore","scansorial"
"248","Carnivora","Felidae","Metailurus","Metailurus_major",27.5,"hypercarnivore","ambulatory"
"249","Carnivora","Felidae","Metailurus","Metailurus_parvulus",27.5,"hypercarnivore","ambulatory"
"250","Carnivora","Felidae","Miopanthera","Miopanthera_lorteti",27.5,"hypercarnivore","scansorial"
"251","Carnivora","Mustelidae","Mustela","Mustela_erminea",0.5,"hypercarnivore","ambulatory"
"252","Carnivora","Mustelidae","Mustela","Mustela_nivalis",0.5,"hypercarnivore","ambulatory"
"253","Carnivora","Mustelidae","Mustela","Mustela_palerminea",0.5,"hypercarnivore","ambulatory"
"254","Carnivora","Mustelidae","Mustela","Mustela_putorius",0.5,"hypercarnivore","ambulatory"
"255","Carnivora","Canidae","Nyctereutes","Nyctereutes_donnezani",5.5,"omnivore","ambulatory"
"256","Carnivora","Canidae","Nyctereutes","Nyctereutes_megamastoides",5.5,"omnivore","ambulatory"
"257","Carnivora","Canidae","Nyctereutes","Nyctereutes_vulpinus",5.5,"omnivore","ambulatory"
"258","Carnivora","Hyaenidae","Pachycrocuta","Pachycrocuta_brevirostris",135,"meat_bone","ambulatory"
"259","Carnivora","Mustelidae","Palaeomeles","Palaeomeles_pachecoi",5.5,"carnivore","ambulatory"
"260","Carnivora","Mustelidae","Pannonictis","Pannonictis_sp.",5.5,"omnivore","scansorial"
"261","Carnivora","Felidae","Panthera","Panthera_gombaszoegensis",135,"hypercarnivore","scansorial"
"262","Carnivora","Felidae","Panthera","Panthera_pardus",67.5,"hypercarnivore","scansorial"
"263","Carnivora","Felidae","Panthera","Panthera_spelaea",270,"hypercarnivore","ambulatory"
"264","Carnivora","Mustelidae","Paralutra","Paralutra_sp.",5.5,"carnivore_invert","aquatic"
"265","Carnivora","Felidae","Paramachaerodus","Paramachaerodus_maximiliani",67.5,"hypercarnivore","ambulatory"
"266","Carnivora","Felidae","Paramachaerodus","Paramachaerodus_orientalis",67.5,"hypercarnivore","ambulatory"
"267","Carnivora","Percrocutidae","Percrocuta","Percrocuta_gigantea",270,"meat_bone","ambulatory"
"268","Carnivora","Hemicyonidae","Phoberocyon","Phoberocyon_hispanicus",135,"carnivore","ambulatory"
"269","Carnivora","Mustelidae","Plesiogulo","Plesiogulo_monspessulanus",67.5,"carnivore","ambulatory"
"270","Carnivora","Hyaenidae","Pliocrocuta","Pliocrocuta_perrieri",67.5,"meat_bone","ambulatory"
"271","Carnivora","Hyaenidae","Plioviverrops","Plioviverrops_faventinus",5.5,"carnivore_invert","ambulatory"
"272","Carnivora","Hyaenidae","Plioviverrops","Plioviverrops_guerini",5.5,"carnivore_invert","ambulatory"
"273","Carnivora","Hemicyonidae","Plithocyon","Plithocyon_armagnacensis",135,"hypercarnivore","ambulatory"
"274","Carnivora","Hemicyonidae","Plithocyon","Plithocyon_conquense",67.5,"carnivore","ambulatory"
"275","Carnivora","Felidae","Pristifelis","Pristifelis_attica",5.5,"hypercarnivore","ambulatory"
"276","Carnivora","Felidae","Promegantereon","Promegantereon_ogygia",27.5,"hypercarnivore","ambulatory"
"277","Carnivora","Mephitidae","Promephitis","Promephitis_alexejewi",5.5,"carnivore","scansorial"
"278","Carnivora","Mephitidae","Promephitis","Promephitis_pristinidens",5.5,"carnivore","scansorial"
"279","Carnivora","Hyaenidae","Protictitherium","Protictitherium_crassum",27.5,"carnivore_invert","ambulatory"
"280","Carnivora","Ailuridae","Protursus","Protursus_simpsoni",135,"carnivore","scansorial"
"281","Carnivora","Felidae","Pseudaelurus","Pseudaelurus_quadridentatus",27.5,"hypercarnivore","scansorial"
"282","Carnivora","Felidae","Pseudaelurus","Pseudaelurus_romieviensis",5.5,"hypercarnivore","scansorial"
"283","Carnivora","Felidae","Pseudaelurus","Pseudaelurus_transitorius",27.5,"hypercarnivore","scansorial"
"284","Carnivora","Amphicyonidae","Pseudarctos","Pseudarctos_sp.",67.5,"omnivore","ambulatory"
"285","Carnivora","Felidae","Puma","Puma_pardoides",67.5,"hypercarnivore","ambulatory"
"286","Carnivora","Mustelidae","Sabadellictis","Sabadellictis_crusafonti",5.5,"carnivore_invert","scansorial"
"287","Carnivora","Viverridae","Semigenetta","Semigenetta_grandis",5.5,"carnivore","scansorial"
"288","Carnivora","Viverridae","Semigenetta","Semigenetta_ripolli",5.5,"omnivore","scansorial"
"289","Carnivora","Ailuridae","Simocyon","Simocyon_batalleri",67.5,"carnivore","scansorial"
"290","Carnivora","Ailuridae","Simocyon","Simocyon_primigenius",67.5,"carnivore","scansorial"
"291","Carnivora","Mustelidae","Sivaonyx","Sivaonyx_lluecai",27.5,"carnivore_invert","aquatic"
"292","Carnivora","Felidae","Stenailurus","Stenailurus_teilhardi",27.5,"hypercarnivore","scansorial"
"293","Carnivora","Felidae","Styriofelis","Styriofelis_turnauensis",5.5,"hypercarnivore","scansorial"
"294","Carnivora","Mustelidae","Taxodon","Taxodon_sansaniensis",5.5,"omnivore","ambulatory"
"295","Carnivora","Hyaenidae","Thalassictis","Thalassictis_hipparionum",27.5,"meat_bone","ambulatory"
"296","Carnivora","Hyaenidae","Thalassictis","Thalassictis_hyaenoides",27.5,"carnivore","ambulatory"
"297","Carnivora","Hyaenidae","Thalassictis","Thalassictis_montadai",27.5,"meat_bone","ambulatory"
"298","Carnivora","Amphicyonidae","Thaumastocyon","Thaumastocyon_dirus",67.5,"hypercarnivore","ambulatory"
"299","Carnivora","Mustelidae","Trocharion","Trocharion_albanense",5.5,"carnivore_invert","scansorial"
"300","Carnivora","Mustelidae","Trochictis","Trochictis_narcisoi",5.5,"carnivore_invert","aquatic"
"301","Carnivora","Ursidae","Ursavus","Ursavus_brevirhinus",67.5,"omnivore","ambulatory"
"302","Carnivora","Ursidae","Ursavus","Ursavus_primaevus",67.5,"omnivore","ambulatory"
"303","Carnivora","Ursidae","Ursus","Ursus_arctos",270,"omnivore","ambulatory"
"304","Carnivora","Ursidae","Ursus","Ursus_boeckhi",135,"omnivore","ambulatory"
"305","Carnivora","Ursidae","Ursus","Ursus_deningeri",270,"omnivore","ambulatory"
"306","Carnivora","Ursidae","Ursus","Ursus_dolinensis",270,"omnivore","ambulatory"
"307","Carnivora","Ursidae","Ursus","Ursus_etruscus",270,"omnivore","ambulatory"
"308","Carnivora","Ursidae","Ursus","Ursus_ruscinensis",135,"omnivore","ambulatory"
"309","Carnivora","Ursidae","Ursus","Ursus_spelaeus",270,"omnivore","ambulatory"
"310","Carnivora","Felidae","Viretailurus","Viretailurus_schaubi",27.5,"hypercarnivore","ambulatory"
"311","Carnivora","Viverridae","Viverrictis","Viverrictis_sp.",0.5,"omnivore","scansorial"
"312","Carnivora","Canidae","Vulpes","Vulpes_alopecoides",5.5,"carnivore","ambulatory"
"313","Carnivora","Canidae","Vulpes","Vulpes_praeglacialis",5.5,"carnivore","ambulatory"
"314","Carnivora","Canidae","Vulpes","Vulpes_vulpes",5.5,"carnivore","ambulatory"
"315","Carnivora","Canidae","Xenocyon","Xenocyon_lycaonoides",67.5,"hypercarnivore","cursorial"
"316","Carnivora","Amphicyonidae","Ysengrinia","Ysengrinia_valentiana",67.5,"carnivore","ambulatory"
"317","Carnivora","Hemicyonidae","Zaragocyon","Zaragocyon_daamsi",27.5,"carnivore","ambulatory"
"318","Creodonta","Hyaenodontidae","Hyainailouros","Hyainailouros_sulzeri",680,"meat_bone","ambulatory"
"319","Hyracoidea","Pliohyracidae","Pliohyrax","Pliohyrax_graecus",135,"mixed_feeder","ambulatory"
"320","Perissodactyla","Rhinocerotidae","Aceratherium","Aceratherium_incisivum",1000,"browser","ambulatory"
"321","Perissodactyla","Rhinocerotidae","Alicornops","Alicornops_alfambrense",1000,"browser","ambulatory"
"322","Perissodactyla","Rhinocerotidae","Alicornops","Alicornops_simorrense",680,"browser","ambulatory"
"323","Perissodactyla","Equidae","Anchitherium","Anchitherium_alberdiae",67.5,"mixed_feeder","cursorial"
"324","Perissodactyla","Equidae","Anchitherium","Anchitherium_aurelianense",135,"browser","cursorial"
"325","Perissodactyla","Equidae","Anchitherium","Anchitherium_castellanum",135,"mixed_feeder","cursorial"
"326","Perissodactyla","Equidae","Anchitherium","Anchitherium_corcolense",135,"mixed_feeder","cursorial"
"327","Perissodactyla","Equidae","Anchitherium","Anchitherium_cursor",67.5,"mixed_feeder","cursorial"
"328","Perissodactyla","Equidae","Anchitherium","Anchitherium_hippoides",135,"mixed_feeder","cursorial"
"329","Perissodactyla","Equidae","Anchitherium","Anchitherium_matritense",135,"mixed_feeder","cursorial"
"330","Perissodactyla","Equidae","Anchitherium","Anchitherium_procerum",135,"mixed_feeder","cursorial"
"331","Perissodactyla","Chalicotheriidae","Ancylotherium","Ancylotherium_pentelicum",1000,"browser","ambulatory"
"332","Perissodactyla","Rhinocerotidae","Brachypotherium","Brachypotherium_brachypus",1000,"mixed_feeder","ambulatory"
"333","Perissodactyla","Chalicotheriidae","Chalicotherium","Chalicotherium_goldfussi",680,"browser","ambulatory"
"334","Perissodactyla","Chalicotheriidae","Chalicotherium","Chalicotherium_grande",680,"browser","ambulatory"
"335","Perissodactyla","Rhinocerotidae","Coelodonta","Coelodonta_antiquitatis",1000,"grazer","ambulatory"
"336","Perissodactyla","Rhinocerotidae","Diaceratherium","Diaceratherium_aurelianense",1000,"browser","ambulatory"
"337","Perissodactyla","Rhinocerotidae","Dicerorhinus","Dicerorhinus_sp.",680,"browser","ambulatory"
"338","Perissodactyla","Rhinocerotidae","Dihoplus","Dihoplus_schleiermacheri",1000,"mixed_feeder","ambulatory"
"339","Perissodactyla","Equidae","Equus","Equus_altidens",270,"mixed_feeder","cursorial"
"340","Perissodactyla","Equidae","Equus","Equus_asinus",680,"mixed_feeder","cursorial"
"341","Perissodactyla","Equidae","Equus","Equus_ferus",680,"mixed_feeder","cursorial"
"342","Perissodactyla","Equidae","Equus","Equus_hydruntinus",680,"mixed_feeder","cursorial"
"343","Perissodactyla","Equidae","Equus","Equus_livenzovensis",680,"mixed_feeder","cursorial"
"344","Perissodactyla","Equidae","Equus","Equus_major",680,"mixed_feeder","cursorial"
"345","Perissodactyla","Equidae","Equus","Equus_stenonis",680,"mixed_feeder","cursorial"
"346","Perissodactyla","Equidae","Equus","Equus_suessenbornensis",680,"mixed_feeder","cursorial"
"347","Perissodactyla","Equidae","Hipparion","Hipparion_concudense",135,"mixed_feeder","cursorial"
"348","Perissodactyla","Equidae","Hipparion","Hipparion_crassum",270,"mixed_feeder","cursorial"
"349","Perissodactyla","Equidae","Hipparion","Hipparion_fissurae",135,"mixed_feeder","cursorial"
"350","Perissodactyla","Equidae","Hipparion","Hipparion_laromae",270,"mixed_feeder","cursorial"
"351","Perissodactyla","Equidae","Hipparion","Hipparion_matthewi",135,"mixed_feeder","cursorial"
"352","Perissodactyla","Equidae","Hipparion","Hipparion_mediterraneum",270,"mixed_feeder","cursorial"
"353","Perissodactyla","Equidae","Hipparion","Hipparion_periafricanum",27.5,"mixed_feeder","cursorial"
"354","Perissodactyla","Equidae","Hipparion","Hipparion_primigenium",135,"mixed_feeder","cursorial"
"355","Perissodactyla","Equidae","Hipparion","Hipparion_rocinantis",680,"mixed_feeder","cursorial"
"356","Perissodactyla","Rhinocerotidae","Hispanotherium","Hispanotherium_corcolense",680,"mixed_feeder","ambulatory"
"357","Perissodactyla","Rhinocerotidae","Hispanotherium","Hispanotherium_matritense",680,"mixed_feeder","ambulatory"
"358","Perissodactyla","Rhinocerotidae","Hoploaceratherium","Hoploaceratherium_tetradactylum",680,"mixed_feeder","ambulatory"
"359","Perissodactyla","Rhinocerotidae","Lartetotherium","Lartetotherium_montesi",680,"browser","ambulatory"
"360","Perissodactyla","Rhinocerotidae","Lartetotherium","Lartetotherium_sansaniense",680,"browser","ambulatory"
"361","Perissodactyla","Rhinocerotidae","Lartetotherium","Lartetotherium_steinheimensis",270,"browser","ambulatory"
"362","Perissodactyla","Chalicotheriidae","Phyllotillon","Phyllotillon_naricus",1000,"browser","ambulatory"
"363","Perissodactyla","Rhinocerotidae","Prosantorhinus","Prosantorhinus_douvillei",1000,"browser","ambulatory"
"364","Perissodactyla","Rhinocerotidae","Protaceratherium","Protaceratherium_minutum",680,"browser","ambulatory"
"365","Perissodactyla","Rhinocerotidae","Protaceratherium","Protaceratherium_platyodon",1000,"mixed_feeder","ambulatory"
"366","Perissodactyla","Tapiridae","Protapirus","Protapirus_cetinensis",67.5,"browser","ambulatory"
"367","Perissodactyla","Equidae","Sinohippus","Sinohippus_sampelayoi",270,"mixed_feeder","cursorial"
"368","Perissodactyla","Rhinocerotidae","Stephanorhinus","Stephanorhinus_etruscus",1000,"mixed_feeder","ambulatory"
"369","Perissodactyla","Rhinocerotidae","Stephanorhinus","Stephanorhinus_hemitoechus",1000,"mixed_feeder","ambulatory"
"370","Perissodactyla","Rhinocerotidae","Stephanorhinus","Stephanorhinus_hundsheimensis",1000,"mixed_feeder","ambulatory"
"371","Perissodactyla","Rhinocerotidae","Stephanorhinus","Stephanorhinus_miguelcrusafonti",1000,"mixed_feeder","ambulatory"
"372","Perissodactyla","Tapiridae","Tapirus","Tapirus_priscus",270,"browser","ambulatory"
"373","Pholidota","Manidae","Teutomanis","Teutomanis_sp.",5.5,"carnivore_invert","scansorial"
"374","Primates","Pliopithecidae","Barberapithecus","Barberapithecus_huerzeleri",5.5,"frugivore","scansorial"
"375","Primates","Cercopithecidae","Dolichopithecus","Dolichopithecus_ruscinensis",5.5,"browser","arboreal"
"376","Primates","Hominidae","Dryopithecus","Dryopithecus_fontani",67.5,"browser","arboreal"
"377","Primates","Hominidae","Hispanopithecus","Hispanopithecus_crusafonti",27.5,"frugivore","arboreal"
"378","Primates","Hominidae","Hispanopithecus","Hispanopithecus_laietanus",27.5,"frugivore","arboreal"
"379","Primates","Hominidae","Homo","Homo_antecessor",67.5,"omnivore","cursorial"
"380","Primates","Cercopithecidae","Macaca","Macaca_sylvanus",27.5,"omnivore","scansorial"
"381","Primates","Cercopithecidae","Mesopithecus","Mesopithecus_pentelicus",27.5,"browser","arboreal"
"382","Primates","Cercopithecidae","Paradolichopithecus","Paradolichopithecus_sp._1",27.5,"mixed_feeder","arboreal"
"383","Primates","Hominidae","Pierolapithecus","Pierolapithecus_catalaunicus",27.5,"omnivore","arboreal"
"384","Primates","Pliopithecidae","Pliopithecus","Pliopithecus_sp.",5.5,"frugivore","scansorial"
"385","Primates","Cercopithecidae","Theropithecus","Theropithecus_oswaldi",27.5,"omnivore","scansorial"
"386","Proboscidea","Gomphotheriidae","Anancus","Anancus_arvernensis",1000,"mixed_feeder","ambulatory"
"387","Proboscidea","Amebelodontidae","Archaeobelodon","Archaeobelodon_filholi",1000,"mixed_feeder","ambulatory"
"388","Proboscidea","Deinotheriidae","Deinotherium","Deinotherium_bavaricum",1000,"browser","ambulatory"
"389","Proboscidea","Deinotheriidae","Deinotherium","Deinotherium_cuvieri",1000,"browser","ambulatory"
"390","Proboscidea","Deinotheriidae","Deinotherium","Deinotherium_giganteum",1000,"browser","ambulatory"
"391","Proboscidea","Gomphotheriidae","Gomphotherium","Gomphotherium_angustidens",1000,"mixed_feeder","ambulatory"
"392","Proboscidea","Elephantidae","Mammuthus","Mammuthus_meridionalis",1000,"mixed_feeder","ambulatory"
"393","Proboscidea","Elephantidae","Mammuthus","Mammuthus_trogontherii",1000,"mixed_feeder","ambulatory"
"394","Proboscidea","Elephantidae","Palaeoloxodon","Palaeoloxodon_antiquus",1000,"mixed_feeder","ambulatory"
"395","Proboscidea","Deinotheriidae","Prodeinotherium","Prodeinotherium_sp.",1000,"browser","ambulatory"
"396","Proboscidea","Gomphotheriidae","Tetralophodon","Tetralophodon_longirostris",1000,"mixed_feeder","ambulatory"
"397","Proboscidea","Mastodontidae","Zygolophodon","Zygolophodon_turicensis",1000,"mixed_feeder","ambulatory"
