rep,n_consumers,n_resources,n_nodes,connectance,links_per_species,weighted_nestedness,modularity,generality,vulnerability,time_bin,region_col
1,0,0,0,NA,NA,NA,NA,NA,NA,Histórico,Bosque
1,0,0,0,NA,NA,NA,NA,NA,NA,Histórico,Estepa
1,17,9,26,0.3137254901960784,1.8461538461538463,0.7470437793882002,0.32217988234200706,NA,NA,Holoceno final,Bosque
1,29,17,46,0.35699797160243407,3.8260869565217392,0.028664648773717563,0.40135225610448666,NA,NA,Holoceno final,Estepa
1,20,12,32,0.3416666666666667,2.5625,0.15262732791345426,0.42467645509788016,NA,NA,Holoceno medio,Estepa
1,3,5,8,0.5333333333333333,1,0.23389453384171977,0.4259146330602522,NA,NA,Pleistoceno final,Estepa
2,0,0,0,NA,NA,NA,NA,NA,NA,Histórico,Bosque
2,0,0,0,NA,NA,NA,NA,NA,NA,Histórico,Estepa
2,17,9,26,0.3137254901960784,1.8461538461538463,0.7407701226706348,0.32281337753383893,NA,NA,Holoceno final,Bosque
2,29,17,46,0.35699797160243407,3.8260869565217392,0.009748048993510785,0.4081714445963142,NA,NA,Holoceno final,Estepa
2,20,12,32,0.3416666666666667,2.5625,0.13240471650629404,0.42673688227173373,NA,NA,Holoceno medio,Estepa
2,3,5,8,0.5333333333333333,1,0.1421685736213204,0.4036201001482175,NA,NA,Pleistoceno final,Estepa
3,0,0,0,NA,NA,NA,NA,NA,NA,Histórico,Bosque
3,0,0,0,NA,NA,NA,NA,NA,NA,Histórico,Estepa
3,17,9,26,0.3137254901960784,1.8461538461538463,0.7527801804405547,0.3214568139765377,NA,NA,Holoceno final,Bosque
3,29,17,46,0.35699797160243407,3.8260869565217392,0.032514379823198845,0.38750175919749696,NA,NA,Holoceno final,Estepa
3,20,12,32,0.3416666666666667,2.5625,0.16681568640107947,0.42279959593249566,NA,NA,Holoceno medio,Estepa
3,3,5,8,0.5333333333333333,1,0.15684082204932376,0.41095383678038877,NA,NA,Pleistoceno final,Estepa
4,0,0,0,NA,NA,NA,NA,NA,NA,Histórico,Bosque
4,0,0,0,NA,NA,NA,NA,NA,NA,Histórico,Estepa
4,17,9,26,0.3137254901960784,1.8461538461538463,0.7308566813323338,0.32266249814405235,NA,NA,Holoceno final,Bosque
4,29,17,46,0.35699797160243407,3.8260869565217392,0.0019349546665706132,0.4302911034442668,NA,NA,Holoceno final,Estepa
4,20,12,32,0.3416666666666667,2.5625,0.1028309271017226,0.42804347609042,NA,NA,Holoceno medio,Estepa
4,3,5,8,0.5333333333333333,1,0.16753412334456552,0.41468315097132064,NA,NA,Pleistoceno final,Estepa
5,0,0,0,NA,NA,NA,NA,NA,NA,Histórico,Bosque
5,0,0,0,NA,NA,NA,NA,NA,NA,Histórico,Estepa
5,17,9,26,0.3137254901960784,1.8461538461538463,0.7601661524419867,0.319007642362983,NA,NA,Holoceno final,Bosque
5,29,17,46,0.35699797160243407,3.8260869565217392,0.0540544484790294,0.37282531234819466,NA,NA,Holoceno final,Estepa
5,20,12,32,0.3416666666666667,2.5625,0.17904040025517243,0.41346673375507026,NA,NA,Holoceno medio,Estepa
5,3,5,8,0.5333333333333333,1,0.18798442044008368,0.4118278136596059,NA,NA,Pleistoceno final,Estepa
6,0,0,0,NA,NA,NA,NA,NA,NA,Histórico,Bosque
6,0,0,0,NA,NA,NA,NA,NA,NA,Histórico,Estepa
6,17,9,26,0.3137254901960784,1.8461538461538463,0.7566534284498796,0.3205897010744468,NA,NA,Holoceno final,Bosque
6,29,17,46,0.35699797160243407,3.8260869565217392,0.04283091065460341,0.39192021551177497,NA,NA,Holoceno final,Estepa
6,20,12,32,0.3416666666666667,2.5625,0.16167857539177433,0.42020147009764136,NA,NA,Holoceno medio,Estepa
6,3,5,8,0.5333333333333333,1,0.18463404179993043,0.4210134252627546,NA,NA,Pleistoceno final,Estepa
7,0,0,0,NA,NA,NA,NA,NA,NA,Histórico,Bosque
7,0,0,0,NA,NA,NA,NA,NA,NA,Histórico,Estepa
7,17,9,26,0.3137254901960784,1.8461538461538463,0.751596987478518,0.32287377420995284,NA,NA,Holoceno final,Bosque
7,29,17,46,0.35699797160243407,3.8260869565217392,0.02556195776514072,0.3881230612538475,NA,NA,Holoceno final,Estepa
7,20,12,32,0.3416666666666667,2.5625,0.15932588157190947,0.42351274858278654,NA,NA,Holoceno medio,Estepa
7,3,5,8,0.5333333333333333,1,0.20454360046005501,0.41293086638205073,NA,NA,Pleistoceno final,Estepa
8,0,0,0,NA,NA,NA,NA,NA,NA,Histórico,Bosque
8,0,0,0,NA,NA,NA,NA,NA,NA,Histórico,Estepa
8,17,9,26,0.3137254901960784,1.8461538461538463,0.7617514313514241,0.3349115023039948,NA,NA,Holoceno final,Bosque
8,29,17,46,0.35699797160243407,3.8260869565217392,0.04439103350850673,0.38118922281561896,NA,NA,Holoceno final,Estepa
8,20,12,32,0.3416666666666667,2.5625,0.1674449271862669,0.4194257570365664,NA,NA,Holoceno medio,Estepa
8,3,5,8,0.5333333333333333,1,0.19132676792674516,0.40188905660198926,NA,NA,Pleistoceno final,Estepa
9,0,0,0,NA,NA,NA,NA,NA,NA,Histórico,Bosque
9,0,0,0,NA,NA,NA,NA,NA,NA,Histórico,Estepa
9,17,9,26,0.3137254901960784,1.8461538461538463,0.7515905866154919,0.3234424131790811,NA,NA,Holoceno final,Bosque
9,29,17,46,0.35699797160243407,3.8260869565217392,0.020335914566071072,0.39777532937736465,NA,NA,Holoceno final,Estepa
9,20,12,32,0.3416666666666667,2.5625,0.1583122185657008,0.4268422586603107,NA,NA,Holoceno medio,Estepa
9,3,5,8,0.5333333333333333,1,0.19491673748086077,0.4108636141894693,NA,NA,Pleistoceno final,Estepa
10,0,0,0,NA,NA,NA,NA,NA,NA,Histórico,Bosque
10,0,0,0,NA,NA,NA,NA,NA,NA,Histórico,Estepa
10,17,9,26,0.3137254901960784,1.8461538461538463,0.7370156080472311,0.3219417812613786,NA,NA,Holoceno final,Bosque
10,29,17,46,0.35699797160243407,3.8260869565217392,0.004556643116555809,0.421055724318257,NA,NA,Holoceno final,Estepa
10,20,12,32,0.3416666666666667,2.5625,0.12818790532371582,0.42480130982808606,NA,NA,Holoceno medio,Estepa
10,3,5,8,0.5333333333333333,1,0.1739635908588841,0.40496219139337336,NA,NA,Pleistoceno final,Estepa
11,0,0,0,NA,NA,NA,NA,NA,NA,Histórico,Bosque
11,0,0,0,NA,NA,NA,NA,NA,NA,Histórico,Estepa
11,17,9,26,0.3137254901960784,1.8461538461538463,0.7450177329809512,0.321821263580446,NA,NA,Holoceno final,Bosque
11,29,17,46,0.35699797160243407,3.8260869565217392,0.02941902603820502,0.3957223339302864,NA,NA,Holoceno final,Estepa
11,20,12,32,0.3416666666666667,2.5625,0.15799684392745048,0.4230530087647316,NA,NA,Holoceno medio,Estepa
11,3,5,8,0.5333333333333333,1,0.1659177182441812,0.41067518193221547,NA,NA,Pleistoceno final,Estepa
12,0,0,0,NA,NA,NA,NA,NA,NA,Histórico,Bosque
12,0,0,0,NA,NA,NA,NA,NA,NA,Histórico,Estepa
12,17,9,26,0.3137254901960784,1.8461538461538463,0.7398869783497055,0.32409217061528983,NA,NA,Holoceno final,Bosque
12,29,17,46,0.35699797160243407,3.8260869565217392,-0.0017156151888460425,0.4090494269646462,NA,NA,Holoceno final,Estepa
12,20,12,32,0.3416666666666667,2.5625,0.14633763626021323,0.4324689208860163,NA,NA,Holoceno medio,Estepa
12,3,5,8,0.5333333333333333,1,0.1354922658578815,0.4057222115183506,NA,NA,Pleistoceno final,Estepa
13,0,0,0,NA,NA,NA,NA,NA,NA,Histórico,Bosque
13,0,0,0,NA,NA,NA,NA,NA,NA,Histórico,Estepa
13,17,9,26,0.3137254901960784,1.8461538461538463,0.7305269619690483,0.3225207441713875,NA,NA,Holoceno final,Bosque
13,29,17,46,0.35699797160243407,3.8260869565217392,0.0022118346887262546,0.42712265023253504,NA,NA,Holoceno final,Estepa
13,20,12,32,0.3416666666666667,2.5625,0.13629663101104586,0.4280806798807714,NA,NA,Holoceno medio,Estepa
13,3,5,8,0.5333333333333333,1,0.15089950166873803,0.4123437259026045,NA,NA,Pleistoceno final,Estepa
14,0,0,0,NA,NA,NA,NA,NA,NA,Histórico,Bosque
14,0,0,0,NA,NA,NA,NA,NA,NA,Histórico,Estepa
14,17,9,26,0.3137254901960784,1.8461538461538463,0.7553312170601286,0.32123050847736784,NA,NA,Holoceno final,Bosque
14,29,17,46,0.35699797160243407,3.8260869565217392,0.024251092901266907,0.40277200377758815,NA,NA,Holoceno final,Estepa
14,20,12,32,0.3416666666666667,2.5625,0.1445936238210856,0.42260169324907104,NA,NA,Holoceno medio,Estepa
14,3,5,8,0.5333333333333333,1,0.13640142369105698,0.41452020988803,NA,NA,Pleistoceno final,Estepa
15,0,0,0,NA,NA,NA,NA,NA,NA,Histórico,Bosque
15,0,0,0,NA,NA,NA,NA,NA,NA,Histórico,Estepa
15,17,9,26,0.3137254901960784,1.8461538461538463,0.7511186447516575,0.3221361025906828,NA,NA,Holoceno final,Bosque
15,29,17,46,0.35699797160243407,3.8260869565217392,0.02842259606607785,0.39071785893794014,NA,NA,Holoceno final,Estepa
15,20,12,32,0.3416666666666667,2.5625,0.15135407883098462,0.4252262656644478,NA,NA,Holoceno medio,Estepa
15,3,5,8,0.5333333333333333,1,0.2101230764623906,0.4233871856095528,NA,NA,Pleistoceno final,Estepa
16,0,0,0,NA,NA,NA,NA,NA,NA,Histórico,Bosque
16,0,0,0,NA,NA,NA,NA,NA,NA,Histórico,Estepa
16,17,9,26,0.3137254901960784,1.8461538461538463,0.7492340703199425,0.3227350824031258,NA,NA,Holoceno final,Bosque
16,29,17,46,0.35699797160243407,3.8260869565217392,0.026752052731124052,0.39634066242086047,NA,NA,Holoceno final,Estepa
16,20,12,32,0.3416666666666667,2.5625,0.1649535042626292,0.42697819455625863,NA,NA,Holoceno medio,Estepa
16,3,5,8,0.5333333333333333,1,0.17485404449307584,0.3976520880076971,NA,NA,Pleistoceno final,Estepa
17,0,0,0,NA,NA,NA,NA,NA,NA,Histórico,Bosque
17,0,0,0,NA,NA,NA,NA,NA,NA,Histórico,Estepa
17,17,9,26,0.3137254901960784,1.8461538461538463,0.7593238036269921,0.319399743939524,NA,NA,Holoceno final,Bosque
17,29,17,46,0.35699797160243407,3.8260869565217392,0.06484859671899137,0.3795101049078543,NA,NA,Holoceno final,Estepa
17,20,12,32,0.3416666666666667,2.5625,0.16240085594717177,0.41323753497653043,NA,NA,Holoceno medio,Estepa
17,3,5,8,0.5333333333333333,1,0.1857251672890341,0.4241045847180731,NA,NA,Pleistoceno final,Estepa
18,0,0,0,NA,NA,NA,NA,NA,NA,Histórico,Bosque
18,0,0,0,NA,NA,NA,NA,NA,NA,Histórico,Estepa
18,17,9,26,0.3137254901960784,1.8461538461538463,0.7416555524429701,0.3248475656641407,NA,NA,Holoceno final,Bosque
18,29,17,46,0.35699797160243407,3.8260869565217392,0.00619688396310919,0.4074866073883682,NA,NA,Holoceno final,Estepa
18,20,12,32,0.3416666666666667,2.5625,0.14585702753387766,0.4326271701589985,NA,NA,Holoceno medio,Estepa
18,3,5,8,0.5333333333333333,1,0.19189597247071694,0.4170344437801548,NA,NA,Pleistoceno final,Estepa
19,0,0,0,NA,NA,NA,NA,NA,NA,Histórico,Bosque
19,0,0,0,NA,NA,NA,NA,NA,NA,Histórico,Estepa
19,17,9,26,0.3137254901960784,1.8461538461538463,0.7461592952031719,0.32238330142157534,NA,NA,Holoceno final,Bosque
19,29,17,46,0.35699797160243407,3.8260869565217392,0.017204726414177054,0.4046574127219055,NA,NA,Holoceno final,Estepa
19,20,12,32,0.3416666666666667,2.5625,0.14534150407273397,0.4273724221104933,NA,NA,Holoceno medio,Estepa
19,3,5,8,0.5333333333333333,1,0.19699991826078914,0.4172707228848185,NA,NA,Pleistoceno final,Estepa
20,0,0,0,NA,NA,NA,NA,NA,NA,Histórico,Bosque
20,0,0,0,NA,NA,NA,NA,NA,NA,Histórico,Estepa
20,17,9,26,0.3137254901960784,1.8461538461538463,0.7304330969655857,0.32369075218849874,NA,NA,Holoceno final,Bosque
20,29,17,46,0.35699797160243407,3.8260869565217392,0.008718582340611205,0.4171592107559846,NA,NA,Holoceno final,Estepa
20,20,12,32,0.3416666666666667,2.5625,0.1276755510694404,0.43383591390868503,NA,NA,Holoceno medio,Estepa
20,3,5,8,0.5333333333333333,1,0.14927030351472909,0.3984923760942024,NA,NA,Pleistoceno final,Estepa
21,0,0,0,NA,NA,NA,NA,NA,NA,Histórico,Bosque
21,0,0,0,NA,NA,NA,NA,NA,NA,Histórico,Estepa
21,17,9,26,0.3137254901960784,1.8461538461538463,0.7407206707526199,0.32443265477805555,NA,NA,Holoceno final,Bosque
21,29,17,46,0.35699797160243407,3.8260869565217392,0.019921165809030403,0.40204378102149374,NA,NA,Holoceno final,Estepa
21,20,12,32,0.3416666666666667,2.5625,0.1568434128173927,0.4306822866912284,NA,NA,Holoceno medio,Estepa
21,3,5,8,0.5333333333333333,1,0.14676943771466044,0.39674671972892755,NA,NA,Pleistoceno final,Estepa
22,0,0,0,NA,NA,NA,NA,NA,NA,Histórico,Bosque
22,0,0,0,NA,NA,NA,NA,NA,NA,Histórico,Estepa
22,17,9,26,0.3137254901960784,1.8461538461538463,0.7405624923476966,0.32368575663837895,NA,NA,Holoceno final,Bosque
22,29,17,46,0.35699797160243407,3.8260869565217392,0.02054182103812606,0.4066924402210808,NA,NA,Holoceno final,Estepa
22,20,12,32,0.3416666666666667,2.5625,0.1432318121589417,0.43203116304415945,NA,NA,Holoceno medio,Estepa
22,3,5,8,0.5333333333333333,1,0.17700147244030812,0.4025069990669185,NA,NA,Pleistoceno final,Estepa
23,0,0,0,NA,NA,NA,NA,NA,NA,Histórico,Bosque
23,0,0,0,NA,NA,NA,NA,NA,NA,Histórico,Estepa
23,17,9,26,0.3137254901960784,1.8461538461538463,0.7477733074146539,0.3225963041373942,NA,NA,Holoceno final,Bosque
23,29,17,46,0.35699797160243407,3.8260869565217392,0.03374786320588128,0.3912898664653972,NA,NA,Holoceno final,Estepa
23,20,12,32,0.3416666666666667,2.5625,0.16877319321247455,0.42456996340847364,NA,NA,Holoceno medio,Estepa
23,3,5,8,0.5333333333333333,1,0.1551505730522659,0.4177200787833486,NA,NA,Pleistoceno final,Estepa
24,0,0,0,NA,NA,NA,NA,NA,NA,Histórico,Bosque
24,0,0,0,NA,NA,NA,NA,NA,NA,Histórico,Estepa
24,17,9,26,0.3137254901960784,1.8461538461538463,0.74527369299251,0.32311452808942226,NA,NA,Holoceno final,Bosque
24,29,17,46,0.35699797160243407,3.8260869565217392,0.020358571688599926,0.4025309492547764,NA,NA,Holoceno final,Estepa
24,20,12,32,0.3416666666666667,2.5625,0.14186348758574885,0.42937609281271605,NA,NA,Holoceno medio,Estepa
24,3,5,8,0.5333333333333333,1,0.20928620554487593,0.40949698009766244,NA,NA,Pleistoceno final,Estepa
25,0,0,0,NA,NA,NA,NA,NA,NA,Histórico,Bosque
25,0,0,0,NA,NA,NA,NA,NA,NA,Histórico,Estepa
25,17,9,26,0.3137254901960784,1.8461538461538463,0.7316293045385149,0.32338160682992456,NA,NA,Holoceno final,Bosque
25,29,17,46,0.35699797160243407,3.8260869565217392,-0.00895560006339477,0.42535964197356024,NA,NA,Holoceno final,Estepa
25,20,12,32,0.3416666666666667,2.5625,0.1396694151851282,0.4315297804055523,NA,NA,Holoceno medio,Estepa
25,3,5,8,0.5333333333333333,1,0.1983059216612377,0.40000707638934707,NA,NA,Pleistoceno final,Estepa
26,0,0,0,NA,NA,NA,NA,NA,NA,Histórico,Bosque
26,0,0,0,NA,NA,NA,NA,NA,NA,Histórico,Estepa
26,17,9,26,0.3137254901960784,1.8461538461538463,0.7400583409638339,0.32420729950643773,NA,NA,Holoceno final,Bosque
26,29,17,46,0.35699797160243407,3.8260869565217392,0.012108423223307392,0.41103317804337836,NA,NA,Holoceno final,Estepa
26,20,12,32,0.3416666666666667,2.5625,0.14537949560051944,0.43240699051884823,NA,NA,Holoceno medio,Estepa
26,3,5,8,0.5333333333333333,1,0.20271791014393942,0.42029193655480807,NA,NA,Pleistoceno final,Estepa
27,0,0,0,NA,NA,NA,NA,NA,NA,Histórico,Bosque
27,0,0,0,NA,NA,NA,NA,NA,NA,Histórico,Estepa
27,17,9,26,0.3137254901960784,1.8461538461538463,0.7511829537777354,0.3214579982130641,NA,NA,Holoceno final,Bosque
27,29,17,46,0.35699797160243407,3.8260869565217392,0.035220658726679906,0.38647035287784054,NA,NA,Holoceno final,Estepa
27,20,12,32,0.3416666666666667,2.5625,0.17794639288402359,0.42089792493812866,NA,NA,Holoceno medio,Estepa
27,3,5,8,0.5333333333333333,1,0.19687973565175196,0.399844351817628,NA,NA,Pleistoceno final,Estepa
28,0,0,0,NA,NA,NA,NA,NA,NA,Histórico,Bosque
28,0,0,0,NA,NA,NA,NA,NA,NA,Histórico,Estepa
28,17,9,26,0.3137254901960784,1.8461538461538463,0.7473907533231827,0.3219527233900307,NA,NA,Holoceno final,Bosque
28,29,17,46,0.35699797160243407,3.8260869565217392,0.01455107505266319,0.40994900452133043,NA,NA,Holoceno final,Estepa
28,20,12,32,0.3416666666666667,2.5625,0.1364934106443571,0.42584198675695517,NA,NA,Holoceno medio,Estepa
28,3,5,8,0.5333333333333333,1,0.21857258677715627,0.4271586190715358,NA,NA,Pleistoceno final,Estepa
29,0,0,0,NA,NA,NA,NA,NA,NA,Histórico,Bosque
29,0,0,0,NA,NA,NA,NA,NA,NA,Histórico,Estepa
29,17,9,26,0.3137254901960784,1.8461538461538463,0.7396564592907117,0.32389066865547717,NA,NA,Holoceno final,Bosque
29,29,17,46,0.35699797160243407,3.8260869565217392,0.010861737385253692,0.4069542782928322,NA,NA,Holoceno final,Estepa
29,20,12,32,0.3416666666666667,2.5625,0.14176950284148138,0.4320646068595439,NA,NA,Holoceno medio,Estepa
29,3,5,8,0.5333333333333333,1,0.1660728699936321,0.41384477365745825,NA,NA,Pleistoceno final,Estepa
30,0,0,0,NA,NA,NA,NA,NA,NA,Histórico,Bosque
30,0,0,0,NA,NA,NA,NA,NA,NA,Histórico,Estepa
30,17,9,26,0.3137254901960784,1.8461538461538463,0.7454945298235265,0.32226172568483685,NA,NA,Holoceno final,Bosque
30,29,17,46,0.35699797160243407,3.8260869565217392,0.03219657222056727,0.40980126398137084,NA,NA,Holoceno final,Estepa
30,20,12,32,0.3416666666666667,2.5625,0.14835412638317708,0.4230648452730421,NA,NA,Holoceno medio,Estepa
30,3,5,8,0.5333333333333333,1,0.1634903934224515,0.4110806266352199,NA,NA,Pleistoceno final,Estepa
31,0,0,0,NA,NA,NA,NA,NA,NA,Histórico,Bosque
31,0,0,0,NA,NA,NA,NA,NA,NA,Histórico,Estepa
31,17,9,26,0.3137254901960784,1.8461538461538463,0.753016729682883,0.32169206038144715,NA,NA,Holoceno final,Bosque
31,29,17,46,0.35699797160243407,3.8260869565217392,0.040175102628737774,0.38791633409345977,NA,NA,Holoceno final,Estepa
31,20,12,32,0.3416666666666667,2.5625,0.14799890448969175,0.4212857466124046,NA,NA,Holoceno medio,Estepa
31,3,5,8,0.5333333333333333,1,0.18974430132452438,0.4127689775348443,NA,NA,Pleistoceno final,Estepa
32,0,0,0,NA,NA,NA,NA,NA,NA,Histórico,Bosque
32,0,0,0,NA,NA,NA,NA,NA,NA,Histórico,Estepa
32,17,9,26,0.3137254901960784,1.8461538461538463,0.7498014466592527,0.32268468368529774,NA,NA,Holoceno final,Bosque
32,29,17,46,0.35699797160243407,3.8260869565217392,0.01878009567634347,0.3946839335398673,NA,NA,Holoceno final,Estepa
32,20,12,32,0.3416666666666667,2.5625,0.16933577874424716,0.42594966853645927,NA,NA,Holoceno medio,Estepa
32,3,5,8,0.5333333333333333,1,0.20448373290871594,0.40433510141613505,NA,NA,Pleistoceno final,Estepa
33,0,0,0,NA,NA,NA,NA,NA,NA,Histórico,Bosque
33,0,0,0,NA,NA,NA,NA,NA,NA,Histórico,Estepa
33,17,9,26,0.3137254901960784,1.8461538461538463,0.7351359613625825,0.32256667562939073,NA,NA,Holoceno final,Bosque
33,29,17,46,0.35699797160243407,3.8260869565217392,0.020933464068358977,0.4241992140276727,NA,NA,Holoceno final,Estepa
33,20,12,32,0.3416666666666667,2.5625,0.13244629320217394,0.4232158886306833,NA,NA,Holoceno medio,Estepa
33,3,5,8,0.5333333333333333,1,0.1780140818466409,0.41781914418798993,NA,NA,Pleistoceno final,Estepa
34,0,0,0,NA,NA,NA,NA,NA,NA,Histórico,Bosque
34,0,0,0,NA,NA,NA,NA,NA,NA,Histórico,Estepa
34,17,9,26,0.3137254901960784,1.8461538461538463,0.7441690342031957,0.3214324135084912,NA,NA,Holoceno final,Bosque
34,29,17,46,0.35699797160243407,3.8260869565217392,0.013174856078610396,0.40561060295039963,NA,NA,Holoceno final,Estepa
34,20,12,32,0.3416666666666667,2.5625,0.16601920518680058,0.42096261575948646,NA,NA,Holoceno medio,Estepa
34,3,5,8,0.5333333333333333,1,0.1722835484298211,0.4083985921198285,NA,NA,Pleistoceno final,Estepa
35,0,0,0,NA,NA,NA,NA,NA,NA,Histórico,Bosque
35,0,0,0,NA,NA,NA,NA,NA,NA,Histórico,Estepa
35,17,9,26,0.3137254901960784,1.8461538461538463,0.7404790814153293,0.3229301150149523,NA,NA,Holoceno final,Bosque
35,29,17,46,0.35699797160243407,3.8260869565217392,0.020741687599229904,0.40430760461408255,NA,NA,Holoceno final,Estepa
35,20,12,32,0.3416666666666667,2.5625,0.15085124619827106,0.42321156231443824,NA,NA,Holoceno medio,Estepa
35,3,5,8,0.5333333333333333,1,0.1951309325863209,0.40541338499969604,NA,NA,Pleistoceno final,Estepa
36,0,0,0,NA,NA,NA,NA,NA,NA,Histórico,Bosque
36,0,0,0,NA,NA,NA,NA,NA,NA,Histórico,Estepa
36,17,9,26,0.3137254901960784,1.8461538461538463,0.7289786617663941,0.32321013874262455,NA,NA,Holoceno final,Bosque
36,29,17,46,0.35699797160243407,3.8260869565217392,-0.009458690966786459,0.42679203760686674,NA,NA,Holoceno final,Estepa
36,20,12,32,0.3416666666666667,2.5625,0.1372059006100428,0.43334589779147603,NA,NA,Holoceno medio,Estepa
36,3,5,8,0.5333333333333333,1,0.18585817091468582,0.4184038466109894,NA,NA,Pleistoceno final,Estepa
37,0,0,0,NA,NA,NA,NA,NA,NA,Histórico,Bosque
37,0,0,0,NA,NA,NA,NA,NA,NA,Histórico,Estepa
37,17,9,26,0.3137254901960784,1.8461538461538463,0.750037083913051,0.32081178267764077,NA,NA,Holoceno final,Bosque
37,29,17,46,0.35699797160243407,3.8260869565217392,0.014347737700751215,0.3974553013202644,NA,NA,Holoceno final,Estepa
37,20,12,32,0.3416666666666667,2.5625,0.1564651672437965,0.42112399671527445,NA,NA,Holoceno medio,Estepa
37,3,5,8,0.5333333333333333,1,0.17378217412274158,0.4042255985580225,NA,NA,Pleistoceno final,Estepa
38,0,0,0,NA,NA,NA,NA,NA,NA,Histórico,Bosque
38,0,0,0,NA,NA,NA,NA,NA,NA,Histórico,Estepa
38,17,9,26,0.3137254901960784,1.8461538461538463,0.755492366648454,0.3214229747302858,NA,NA,Holoceno final,Bosque
38,29,17,46,0.35699797160243407,3.8260869565217392,0.030610219312069357,0.39891802913934865,NA,NA,Holoceno final,Estepa
38,20,12,32,0.3416666666666667,2.5625,0.1632165325316442,0.4212125060307666,NA,NA,Holoceno medio,Estepa
38,3,5,8,0.5333333333333333,1,0.21743094482680758,0.42322377396803396,NA,NA,Pleistoceno final,Estepa
39,0,0,0,NA,NA,NA,NA,NA,NA,Histórico,Bosque
39,0,0,0,NA,NA,NA,NA,NA,NA,Histórico,Estepa
39,17,9,26,0.3137254901960784,1.8461538461538463,0.7380807866129321,0.3239535924911156,NA,NA,Holoceno final,Bosque
39,29,17,46,0.35699797160243407,3.8260869565217392,0.02456779835418264,0.4149914692668873,NA,NA,Holoceno final,Estepa
39,20,12,32,0.3416666666666667,2.5625,0.15216342975387748,0.42893547259560744,NA,NA,Holoceno medio,Estepa
39,3,5,8,0.5333333333333333,1,0.19237123574295978,0.4236442953994789,NA,NA,Pleistoceno final,Estepa
40,0,0,0,NA,NA,NA,NA,NA,NA,Histórico,Bosque
40,0,0,0,NA,NA,NA,NA,NA,NA,Histórico,Estepa
40,17,9,26,0.3137254901960784,1.8461538461538463,0.7504146209217236,0.33693519815718787,NA,NA,Holoceno final,Bosque
40,29,17,46,0.35699797160243407,3.8260869565217392,0.021559955032657632,0.3855382883337072,NA,NA,Holoceno final,Estepa
40,20,12,32,0.3416666666666667,2.5625,0.15962020915008407,0.4217949984546756,NA,NA,Holoceno medio,Estepa
40,3,5,8,0.5333333333333333,1,0.153335659573185,0.40127412553266023,NA,NA,Pleistoceno final,Estepa
41,0,0,0,NA,NA,NA,NA,NA,NA,Histórico,Bosque
41,0,0,0,NA,NA,NA,NA,NA,NA,Histórico,Estepa
41,17,9,26,0.3137254901960784,1.8461538461538463,0.7507304112243294,0.32343295445770454,NA,NA,Holoceno final,Bosque
41,29,17,46,0.35699797160243407,3.8260869565217392,0.016815214770636487,0.39509516337534745,NA,NA,Holoceno final,Estepa
41,20,12,32,0.3416666666666667,2.5625,0.17440151547930857,0.42777174041904037,NA,NA,Holoceno medio,Estepa
41,3,5,8,0.5333333333333333,1,0.23231048874469934,0.4258442152264475,NA,NA,Pleistoceno final,Estepa
42,0,0,0,NA,NA,NA,NA,NA,NA,Histórico,Bosque
42,0,0,0,NA,NA,NA,NA,NA,NA,Histórico,Estepa
42,17,9,26,0.3137254901960784,1.8461538461538463,0.7460869149315,0.3232585562876639,NA,NA,Holoceno final,Bosque
42,29,17,46,0.35699797160243407,3.8260869565217392,0.015725718368401996,0.4012586237303338,NA,NA,Holoceno final,Estepa
42,20,12,32,0.3416666666666667,2.5625,0.16706530162117708,0.4255404644994083,NA,NA,Holoceno medio,Estepa
42,3,5,8,0.5333333333333333,1,0.181399414792504,0.4105546901873415,NA,NA,Pleistoceno final,Estepa
43,0,0,0,NA,NA,NA,NA,NA,NA,Histórico,Bosque
43,0,0,0,NA,NA,NA,NA,NA,NA,Histórico,Estepa
43,17,9,26,0.3137254901960784,1.8461538461538463,0.7427223861436902,0.32192709896270655,NA,NA,Holoceno final,Bosque
43,29,17,46,0.35699797160243407,3.8260869565217392,0.032169107043790626,0.4018369177252884,NA,NA,Holoceno final,Estepa
43,20,12,32,0.3416666666666667,2.5625,0.1498256659535329,0.42690407512782197,NA,NA,Holoceno medio,Estepa
43,3,5,8,0.5333333333333333,1,0.17443597554688858,0.4158112708246829,NA,NA,Pleistoceno final,Estepa
44,0,0,0,NA,NA,NA,NA,NA,NA,Histórico,Bosque
44,0,0,0,NA,NA,NA,NA,NA,NA,Histórico,Estepa
44,17,9,26,0.3137254901960784,1.8461538461538463,0.7531443226937525,0.320350353145314,NA,NA,Holoceno final,Bosque
44,29,17,46,0.35699797160243407,3.8260869565217392,0.038546094706177036,0.3776779638097504,NA,NA,Holoceno final,Estepa
44,20,12,32,0.3416666666666667,2.5625,0.17186043879009774,0.4168731335688056,NA,NA,Holoceno medio,Estepa
44,3,5,8,0.5333333333333333,1,0.17997099131863548,0.41472427203545237,NA,NA,Pleistoceno final,Estepa
45,0,0,0,NA,NA,NA,NA,NA,NA,Histórico,Bosque
45,0,0,0,NA,NA,NA,NA,NA,NA,Histórico,Estepa
45,17,9,26,0.3137254901960784,1.8461538461538463,0.7375588512446366,0.32272334051648677,NA,NA,Holoceno final,Bosque
45,29,17,46,0.35699797160243407,3.8260869565217392,-0.002056783793967163,0.4193917188155928,NA,NA,Holoceno final,Estepa
45,20,12,32,0.3416666666666667,2.5625,0.1362193026918363,0.4315108705015168,NA,NA,Holoceno medio,Estepa
45,3,5,8,0.5333333333333333,1,0.1649215316817012,0.41665958859084473,NA,NA,Pleistoceno final,Estepa
46,0,0,0,NA,NA,NA,NA,NA,NA,Histórico,Bosque
46,0,0,0,NA,NA,NA,NA,NA,NA,Histórico,Estepa
46,17,9,26,0.3137254901960784,1.8461538461538463,0.7360749928994851,0.32251306575756655,NA,NA,Holoceno final,Bosque
46,29,17,46,0.35699797160243407,3.8260869565217392,0.004092556181523252,0.4284532074945453,NA,NA,Holoceno final,Estepa
46,20,12,32,0.3416666666666667,2.5625,0.11559167883367012,0.4318221380391267,NA,NA,Holoceno medio,Estepa
46,3,5,8,0.5333333333333333,1,0.18027109121093204,0.4021046117003654,NA,NA,Pleistoceno final,Estepa
47,0,0,0,NA,NA,NA,NA,NA,NA,Histórico,Bosque
47,0,0,0,NA,NA,NA,NA,NA,NA,Histórico,Estepa
47,17,9,26,0.3137254901960784,1.8461538461538463,0.7460550620165644,0.3215349849395186,NA,NA,Holoceno final,Bosque
47,29,17,46,0.35699797160243407,3.8260869565217392,0.026161024541113773,0.3909261480307602,NA,NA,Holoceno final,Estepa
47,20,12,32,0.3416666666666667,2.5625,0.15373716255171058,0.42275364776312735,NA,NA,Holoceno medio,Estepa
47,3,5,8,0.5333333333333333,1,0.2015599568464289,0.39929428756768864,NA,NA,Pleistoceno final,Estepa
48,0,0,0,NA,NA,NA,NA,NA,NA,Histórico,Bosque
48,0,0,0,NA,NA,NA,NA,NA,NA,Histórico,Estepa
48,17,9,26,0.3137254901960784,1.8461538461538463,0.7602030701708792,0.3332173015337173,NA,NA,Holoceno final,Bosque
48,29,17,46,0.35699797160243407,3.8260869565217392,0.04859017512607601,0.37295149791031085,NA,NA,Holoceno final,Estepa
48,20,12,32,0.3416666666666667,2.5625,0.17523972524055692,0.4141140997978917,NA,NA,Holoceno medio,Estepa
48,3,5,8,0.5333333333333333,1,0.17640863794254272,0.4034258504789171,NA,NA,Pleistoceno final,Estepa
49,0,0,0,NA,NA,NA,NA,NA,NA,Histórico,Bosque
49,0,0,0,NA,NA,NA,NA,NA,NA,Histórico,Estepa
49,17,9,26,0.3137254901960784,1.8461538461538463,0.7274584991621849,0.32309070747616764,NA,NA,Holoceno final,Bosque
49,29,17,46,0.35699797160243407,3.8260869565217392,-0.014954344578922118,0.42800570948330985,NA,NA,Holoceno final,Estepa
49,20,12,32,0.3416666666666667,2.5625,0.1267804475887923,0.43038220731377874,NA,NA,Holoceno medio,Estepa
49,3,5,8,0.5333333333333333,1,0.1584370950319798,0.40461648934871464,NA,NA,Pleistoceno final,Estepa
50,0,0,0,NA,NA,NA,NA,NA,NA,Histórico,Bosque
50,0,0,0,NA,NA,NA,NA,NA,NA,Histórico,Estepa
50,17,9,26,0.3137254901960784,1.8461538461538463,0.736904024863615,0.32307714712598185,NA,NA,Holoceno final,Bosque
50,29,17,46,0.35699797160243407,3.8260869565217392,-6.0513110632154847e-5,0.4189850761849309,NA,NA,Holoceno final,Estepa
50,20,12,32,0.3416666666666667,2.5625,0.1319748463848129,0.4295626796572541,NA,NA,Holoceno medio,Estepa
50,3,5,8,0.5333333333333333,1,0.15685122180140398,0.39747868961938965,NA,NA,Pleistoceno final,Estepa
51,0,0,0,NA,NA,NA,NA,NA,NA,Histórico,Bosque
51,0,0,0,NA,NA,NA,NA,NA,NA,Histórico,Estepa
51,17,9,26,0.3137254901960784,1.8461538461538463,0.7444791086234914,0.32327446481700195,NA,NA,Holoceno final,Bosque
51,29,17,46,0.35699797160243407,3.8260869565217392,0.012347090701761721,0.40587386419916677,NA,NA,Holoceno final,Estepa
51,20,12,32,0.3416666666666667,2.5625,0.1438805766461366,0.4310631490572497,NA,NA,Holoceno medio,Estepa
51,3,5,8,0.5333333333333333,1,0.1606268165426117,0.41175871027890015,NA,NA,Pleistoceno final,Estepa
52,0,0,0,NA,NA,NA,NA,NA,NA,Histórico,Bosque
52,0,0,0,NA,NA,NA,NA,NA,NA,Histórico,Estepa
52,17,9,26,0.3137254901960784,1.8461538461538463,0.7569633106477945,0.3216203042657411,NA,NA,Holoceno final,Bosque
52,29,17,46,0.35699797160243407,3.8260869565217392,0.02921423957444153,0.3851782336048234,NA,NA,Holoceno final,Estepa
52,20,12,32,0.3416666666666667,2.5625,0.17213129362684215,0.4219568205102035,NA,NA,Holoceno medio,Estepa
52,3,5,8,0.5333333333333333,1,0.19236332333310424,0.4175205763037667,NA,NA,Pleistoceno final,Estepa
53,0,0,0,NA,NA,NA,NA,NA,NA,Histórico,Bosque
53,0,0,0,NA,NA,NA,NA,NA,NA,Histórico,Estepa
53,17,9,26,0.3137254901960784,1.8461538461538463,0.7408980182266729,0.32296915778408913,NA,NA,Holoceno final,Bosque
53,29,17,46,0.35699797160243407,3.8260869565217392,0.015120177580345366,0.4028094373260163,NA,NA,Holoceno final,Estepa
53,20,12,32,0.3416666666666667,2.5625,0.14695689752255064,0.42740911937891035,NA,NA,Holoceno medio,Estepa
53,3,5,8,0.5333333333333333,1,0.18286688520844507,0.39978909181183214,NA,NA,Pleistoceno final,Estepa
54,0,0,0,NA,NA,NA,NA,NA,NA,Histórico,Bosque
54,0,0,0,NA,NA,NA,NA,NA,NA,Histórico,Estepa
54,17,9,26,0.3137254901960784,1.8461538461538463,0.753060086411273,0.3221771371967102,NA,NA,Holoceno final,Bosque
54,29,17,46,0.35699797160243407,3.8260869565217392,0.03361031078592918,0.39217854002028946,NA,NA,Holoceno final,Estepa
54,20,12,32,0.3416666666666667,2.5625,0.17056849554918774,0.42319648664123033,NA,NA,Holoceno medio,Estepa
54,3,5,8,0.5333333333333333,1,0.15043997290433103,0.4135335999120362,NA,NA,Pleistoceno final,Estepa
55,0,0,0,NA,NA,NA,NA,NA,NA,Histórico,Bosque
55,0,0,0,NA,NA,NA,NA,NA,NA,Histórico,Estepa
55,17,9,26,0.3137254901960784,1.8461538461538463,0.7681451956928946,0.3314733405156445,NA,NA,Holoceno final,Bosque
55,29,17,46,0.35699797160243407,3.8260869565217392,0.0833183441965297,0.35244115485797767,NA,NA,Holoceno final,Estepa
55,20,12,32,0.3416666666666667,2.5625,0.21616045560787123,0.4011846097992036,NA,NA,Holoceno medio,Estepa
55,3,5,8,0.5333333333333333,1,0.18970437323330083,0.41191600144157475,NA,NA,Pleistoceno final,Estepa
56,0,0,0,NA,NA,NA,NA,NA,NA,Histórico,Bosque
56,0,0,0,NA,NA,NA,NA,NA,NA,Histórico,Estepa
56,17,9,26,0.3137254901960784,1.8461538461538463,0.7397959097689305,0.32420228216697283,NA,NA,Holoceno final,Bosque
56,29,17,46,0.35699797160243407,3.8260869565217392,0.01295551306930656,0.41314742141501076,NA,NA,Holoceno final,Estepa
56,20,12,32,0.3416666666666667,2.5625,0.12657444257569325,0.4353299993638485,NA,NA,Holoceno medio,Estepa
56,3,5,8,0.5333333333333333,1,0.18850465923131132,0.4136784770245889,NA,NA,Pleistoceno final,Estepa
57,0,0,0,NA,NA,NA,NA,NA,NA,Histórico,Bosque
57,0,0,0,NA,NA,NA,NA,NA,NA,Histórico,Estepa
57,17,9,26,0.3137254901960784,1.8461538461538463,0.7674325097145113,0.33218365869546274,NA,NA,Holoceno final,Bosque
57,29,17,46,0.35699797160243407,3.8260869565217392,0.0731648096964716,0.35796400624949576,NA,NA,Holoceno final,Estepa
57,20,12,32,0.3416666666666667,2.5625,0.19402740654332665,0.4044237265421905,NA,NA,Holoceno medio,Estepa
57,3,5,8,0.5333333333333333,1,0.15879664531975665,0.40990153169055654,NA,NA,Pleistoceno final,Estepa
58,0,0,0,NA,NA,NA,NA,NA,NA,Histórico,Bosque
58,0,0,0,NA,NA,NA,NA,NA,NA,Histórico,Estepa
58,17,9,26,0.3137254901960784,1.8461538461538463,0.751589013014894,0.32157222092995047,NA,NA,Holoceno final,Bosque
58,29,17,46,0.35699797160243407,3.8260869565217392,0.028275368478153637,0.3997149713218306,NA,NA,Holoceno final,Estepa
58,20,12,32,0.3416666666666667,2.5625,0.15877983528395775,0.4196502750847451,NA,NA,Holoceno medio,Estepa
58,3,5,8,0.5333333333333333,1,0.19344752976355914,0.39778205690000834,NA,NA,Pleistoceno final,Estepa
59,0,0,0,NA,NA,NA,NA,NA,NA,Histórico,Bosque
59,0,0,0,NA,NA,NA,NA,NA,NA,Histórico,Estepa
59,17,9,26,0.3137254901960784,1.8461538461538463,0.7486749429163105,0.3213631470719072,NA,NA,Holoceno final,Bosque
59,29,17,46,0.35699797160243407,3.8260869565217392,0.047721173837439165,0.38431854374744023,NA,NA,Holoceno final,Estepa
59,20,12,32,0.3416666666666667,2.5625,0.16505767204803345,0.4203310278914858,NA,NA,Holoceno medio,Estepa
59,3,5,8,0.5333333333333333,1,0.15916337579213483,0.39731738709888537,NA,NA,Pleistoceno final,Estepa
60,0,0,0,NA,NA,NA,NA,NA,NA,Histórico,Bosque
60,0,0,0,NA,NA,NA,NA,NA,NA,Histórico,Estepa
60,17,9,26,0.3137254901960784,1.8461538461538463,0.758456891009538,0.33732584090559936,NA,NA,Holoceno final,Bosque
60,29,17,46,0.35699797160243407,3.8260869565217392,0.044402634724059635,0.38033108539662014,NA,NA,Holoceno final,Estepa
60,20,12,32,0.3416666666666667,2.5625,0.16496114585029722,0.41849865604411374,NA,NA,Holoceno medio,Estepa
60,3,5,8,0.5333333333333333,1,0.15976991284747138,0.40083001822668773,NA,NA,Pleistoceno final,Estepa
61,0,0,0,NA,NA,NA,NA,NA,NA,Histórico,Bosque
61,0,0,0,NA,NA,NA,NA,NA,NA,Histórico,Estepa
61,17,9,26,0.3137254901960784,1.8461538461538463,0.741635730554778,0.32426436072944326,NA,NA,Holoceno final,Bosque
61,29,17,46,0.35699797160243407,3.8260869565217392,0.01732319823035246,0.39998786966669686,NA,NA,Holoceno final,Estepa
61,20,12,32,0.3416666666666667,2.5625,0.15090579159260947,0.42816892273372165,NA,NA,Holoceno medio,Estepa
61,3,5,8,0.5333333333333333,1,0.17188368884184776,0.40932505390028223,NA,NA,Pleistoceno final,Estepa
62,0,0,0,NA,NA,NA,NA,NA,NA,Histórico,Bosque
62,0,0,0,NA,NA,NA,NA,NA,NA,Histórico,Estepa
62,17,9,26,0.3137254901960784,1.8461538461538463,0.7384337641811622,0.32242678947100645,NA,NA,Holoceno final,Bosque
62,29,17,46,0.35699797160243407,3.8260869565217392,0.02630544296986428,0.4165578212783115,NA,NA,Holoceno final,Estepa
62,20,12,32,0.3416666666666667,2.5625,0.13938524283791212,0.4233498364156057,NA,NA,Holoceno medio,Estepa
62,3,5,8,0.5333333333333333,1,0.17249369069519177,0.4091663741705059,NA,NA,Pleistoceno final,Estepa
63,0,0,0,NA,NA,NA,NA,NA,NA,Histórico,Bosque
63,0,0,0,NA,NA,NA,NA,NA,NA,Histórico,Estepa
63,17,9,26,0.3137254901960784,1.8461538461538463,0.7466923367369399,0.32194758644951055,NA,NA,Holoceno final,Bosque
63,29,17,46,0.35699797160243407,3.8260869565217392,0.019886632157803088,0.40954504046173806,NA,NA,Holoceno final,Estepa
63,20,12,32,0.3416666666666667,2.5625,0.148417023903118,0.4238021311604801,NA,NA,Holoceno medio,Estepa
63,3,5,8,0.5333333333333333,1,0.17608626618905052,0.42161931663438246,NA,NA,Pleistoceno final,Estepa
64,0,0,0,NA,NA,NA,NA,NA,NA,Histórico,Bosque
64,0,0,0,NA,NA,NA,NA,NA,NA,Histórico,Estepa
64,17,9,26,0.3137254901960784,1.8461538461538463,0.7536456534077787,0.32037676479989785,NA,NA,Holoceno final,Bosque
64,29,17,46,0.35699797160243407,3.8260869565217392,0.04155117904259637,0.3801248219916023,NA,NA,Holoceno final,Estepa
64,20,12,32,0.3416666666666667,2.5625,0.16870399933686972,0.41784802713062247,NA,NA,Holoceno medio,Estepa
64,3,5,8,0.5333333333333333,1,0.1867128220095838,0.39744686357153686,NA,NA,Pleistoceno final,Estepa
65,0,0,0,NA,NA,NA,NA,NA,NA,Histórico,Bosque
65,0,0,0,NA,NA,NA,NA,NA,NA,Histórico,Estepa
65,17,9,26,0.3137254901960784,1.8461538461538463,0.7492764105227181,0.32202072770223383,NA,NA,Holoceno final,Bosque
65,29,17,46,0.35699797160243407,3.8260869565217392,0.024661018914975928,0.40329112585946514,NA,NA,Holoceno final,Estepa
65,20,12,32,0.3416666666666667,2.5625,0.1476515039230298,0.42333534850835397,NA,NA,Holoceno medio,Estepa
65,3,5,8,0.5333333333333333,1,0.1434216571077026,0.4110439744939478,NA,NA,Pleistoceno final,Estepa
66,0,0,0,NA,NA,NA,NA,NA,NA,Histórico,Bosque
66,0,0,0,NA,NA,NA,NA,NA,NA,Histórico,Estepa
66,17,9,26,0.3137254901960784,1.8461538461538463,0.7379051848369136,0.32481109485111453,NA,NA,Holoceno final,Bosque
66,29,17,46,0.35699797160243407,3.8260869565217392,-0.007795352915004166,0.411878992229366,NA,NA,Holoceno final,Estepa
66,20,12,32,0.3416666666666667,2.5625,0.14811133287686984,0.43559835367855143,NA,NA,Holoceno medio,Estepa
66,3,5,8,0.5333333333333333,1,0.15916906034727307,0.4019641099964319,NA,NA,Pleistoceno final,Estepa
67,0,0,0,NA,NA,NA,NA,NA,NA,Histórico,Bosque
67,0,0,0,NA,NA,NA,NA,NA,NA,Histórico,Estepa
67,17,9,26,0.3137254901960784,1.8461538461538463,0.7602298222160128,0.31922641722233824,NA,NA,Holoceno final,Bosque
67,29,17,46,0.35699797160243407,3.8260869565217392,0.04651907435598882,0.37007884799934604,NA,NA,Holoceno final,Estepa
67,20,12,32,0.3416666666666667,2.5625,0.19555554746326517,0.4131770089754911,NA,NA,Holoceno medio,Estepa
67,3,5,8,0.5333333333333333,1,0.19065983225637995,0.399248979651262,NA,NA,Pleistoceno final,Estepa
68,0,0,0,NA,NA,NA,NA,NA,NA,Histórico,Bosque
68,0,0,0,NA,NA,NA,NA,NA,NA,Histórico,Estepa
68,17,9,26,0.3137254901960784,1.8461538461538463,0.7352124968150502,0.32267523676564486,NA,NA,Holoceno final,Bosque
68,29,17,46,0.35699797160243407,3.8260869565217392,0.015337824863365452,0.4074837460962315,NA,NA,Holoceno final,Estepa
68,20,12,32,0.3416666666666667,2.5625,0.1564929981977745,0.4282124311807723,NA,NA,Holoceno medio,Estepa
68,3,5,8,0.5333333333333333,1,0.21355501272582258,0.40722085462844976,NA,NA,Pleistoceno final,Estepa
69,0,0,0,NA,NA,NA,NA,NA,NA,Histórico,Bosque
69,0,0,0,NA,NA,NA,NA,NA,NA,Histórico,Estepa
69,17,9,26,0.3137254901960784,1.8461538461538463,0.7285684909799268,0.32183987038419887,NA,NA,Holoceno final,Bosque
69,29,17,46,0.35699797160243407,3.8260869565217392,-0.010445527776281575,0.43257249818355414,NA,NA,Holoceno final,Estepa
69,20,12,32,0.3416666666666667,2.5625,0.12006520846564563,0.4236439240015535,NA,NA,Holoceno medio,Estepa
69,3,5,8,0.5333333333333333,1,0.20095747872367817,0.419022756510377,NA,NA,Pleistoceno final,Estepa
70,0,0,0,NA,NA,NA,NA,NA,NA,Histórico,Bosque
70,0,0,0,NA,NA,NA,NA,NA,NA,Histórico,Estepa
70,17,9,26,0.3137254901960784,1.8461538461538463,0.7693422933242046,0.3311724058172028,NA,NA,Holoceno final,Bosque
70,29,17,46,0.35699797160243407,3.8260869565217392,0.07558785157290297,0.3573207360325405,NA,NA,Holoceno final,Estepa
70,20,12,32,0.3416666666666667,2.5625,0.18925952981812708,0.40485031743369865,NA,NA,Holoceno medio,Estepa
70,3,5,8,0.5333333333333333,1,0.1378918655652321,0.39756225898608427,NA,NA,Pleistoceno final,Estepa
71,0,0,0,NA,NA,NA,NA,NA,NA,Histórico,Bosque
71,0,0,0,NA,NA,NA,NA,NA,NA,Histórico,Estepa
71,17,9,26,0.3137254901960784,1.8461538461538463,0.7413844484718148,0.3243025397383192,NA,NA,Holoceno final,Bosque
71,29,17,46,0.35699797160243407,3.8260869565217392,6.40513097000135e-4,0.4077443965838357,NA,NA,Holoceno final,Estepa
71,20,12,32,0.3416666666666667,2.5625,0.14093640819714748,0.43283331475933684,NA,NA,Holoceno medio,Estepa
71,3,5,8,0.5333333333333333,1,0.19505584540977694,0.40678614975461136,NA,NA,Pleistoceno final,Estepa
72,0,0,0,NA,NA,NA,NA,NA,NA,Histórico,Bosque
72,0,0,0,NA,NA,NA,NA,NA,NA,Histórico,Estepa
72,17,9,26,0.3137254901960784,1.8461538461538463,0.7325840489299899,0.3224796759757262,NA,NA,Holoceno final,Bosque
72,29,17,46,0.35699797160243407,3.8260869565217392,9.042615908202447e-4,0.42574737354334863,NA,NA,Holoceno final,Estepa
72,20,12,32,0.3416666666666667,2.5625,0.12249851745333545,0.4211268390321597,NA,NA,Holoceno medio,Estepa
72,3,5,8,0.5333333333333333,1,0.20814664121563448,0.4254303002255068,NA,NA,Pleistoceno final,Estepa
73,0,0,0,NA,NA,NA,NA,NA,NA,Histórico,Bosque
73,0,0,0,NA,NA,NA,NA,NA,NA,Histórico,Estepa
73,17,9,26,0.3137254901960784,1.8461538461538463,0.746673086235915,0.3227737361853215,NA,NA,Holoceno final,Bosque
73,29,17,46,0.35699797160243407,3.8260869565217392,0.02753595985080541,0.401877928518523,NA,NA,Holoceno final,Estepa
73,20,12,32,0.3416666666666667,2.5625,0.15287611153483552,0.4293652215686548,NA,NA,Holoceno medio,Estepa
73,3,5,8,0.5333333333333333,1,0.19795048039279572,0.4198780612188543,NA,NA,Pleistoceno final,Estepa
74,0,0,0,NA,NA,NA,NA,NA,NA,Histórico,Bosque
74,0,0,0,NA,NA,NA,NA,NA,NA,Histórico,Estepa
74,17,9,26,0.3137254901960784,1.8461538461538463,0.735020252294262,0.32275414173080913,NA,NA,Holoceno final,Bosque
74,29,17,46,0.35699797160243407,3.8260869565217392,-0.015827672178659536,0.42370908869627105,NA,NA,Holoceno final,Estepa
74,20,12,32,0.3416666666666667,2.5625,0.1167433714395825,0.432646187189274,NA,NA,Holoceno medio,Estepa
74,3,5,8,0.5333333333333333,1,0.1904284181285862,0.4107578290170869,NA,NA,Pleistoceno final,Estepa
75,0,0,0,NA,NA,NA,NA,NA,NA,Histórico,Bosque
75,0,0,0,NA,NA,NA,NA,NA,NA,Histórico,Estepa
75,17,9,26,0.3137254901960784,1.8461538461538463,0.7255040929024017,0.3214359288244883,NA,NA,Holoceno final,Bosque
75,29,17,46,0.35699797160243407,3.8260869565217392,-0.02557713848058332,0.43856601654030486,NA,NA,Holoceno final,Estepa
75,20,12,32,0.3416666666666667,2.5625,0.11588205740167472,0.42692644652134554,NA,NA,Holoceno medio,Estepa
75,3,5,8,0.5333333333333333,1,0.23914088529453906,0.4199239979602012,NA,NA,Pleistoceno final,Estepa
76,0,0,0,NA,NA,NA,NA,NA,NA,Histórico,Bosque
76,0,0,0,NA,NA,NA,NA,NA,NA,Histórico,Estepa
76,17,9,26,0.3137254901960784,1.8461538461538463,0.7489878310102455,0.3219464433732366,NA,NA,Holoceno final,Bosque
76,29,17,46,0.35699797160243407,3.8260869565217392,0.017090545304411363,0.4188615520149836,NA,NA,Holoceno final,Estepa
76,20,12,32,0.3416666666666667,2.5625,0.13826676960878742,0.4232775494267517,NA,NA,Holoceno medio,Estepa
76,3,5,8,0.5333333333333333,1,0.23173878795870595,0.41634213726813674,NA,NA,Pleistoceno final,Estepa
77,0,0,0,NA,NA,NA,NA,NA,NA,Histórico,Bosque
77,0,0,0,NA,NA,NA,NA,NA,NA,Histórico,Estepa
77,17,9,26,0.3137254901960784,1.8461538461538463,0.7328433877194385,0.3228025947615625,NA,NA,Holoceno final,Bosque
77,29,17,46,0.35699797160243407,3.8260869565217392,0.0068378451550219635,0.4240455914743947,NA,NA,Holoceno final,Estepa
77,20,12,32,0.3416666666666667,2.5625,0.13796106018966323,0.42773621562519765,NA,NA,Holoceno medio,Estepa
77,3,5,8,0.5333333333333333,1,0.16170658155174625,0.3983968019395331,NA,NA,Pleistoceno final,Estepa
78,0,0,0,NA,NA,NA,NA,NA,NA,Histórico,Bosque
78,0,0,0,NA,NA,NA,NA,NA,NA,Histórico,Estepa
78,17,9,26,0.3137254901960784,1.8461538461538463,0.7390170567048882,0.3240969189199945,NA,NA,Holoceno final,Bosque
78,29,17,46,0.35699797160243407,3.8260869565217392,0.014380186350904451,0.41043010871972585,NA,NA,Holoceno final,Estepa
78,20,12,32,0.3416666666666667,2.5625,0.13885085086979068,0.4327634237795961,NA,NA,Holoceno medio,Estepa
78,3,5,8,0.5333333333333333,1,0.20110499570108537,0.42519400037699817,NA,NA,Pleistoceno final,Estepa
79,0,0,0,NA,NA,NA,NA,NA,NA,Histórico,Bosque
79,0,0,0,NA,NA,NA,NA,NA,NA,Histórico,Estepa
79,17,9,26,0.3137254901960784,1.8461538461538463,0.7270724056940964,0.3218357755423108,NA,NA,Holoceno final,Bosque
79,29,17,46,0.35699797160243407,3.8260869565217392,-0.004833799016045073,0.4339241158764901,NA,NA,Holoceno final,Estepa
79,20,12,32,0.3416666666666667,2.5625,0.13337702909993998,0.4252590332928942,NA,NA,Holoceno medio,Estepa
79,3,5,8,0.5333333333333333,1,0.2219632189142243,0.42683155961563574,NA,NA,Pleistoceno final,Estepa
80,0,0,0,NA,NA,NA,NA,NA,NA,Histórico,Bosque
80,0,0,0,NA,NA,NA,NA,NA,NA,Histórico,Estepa
80,17,9,26,0.3137254901960784,1.8461538461538463,0.7393067306871874,0.3239290557941756,NA,NA,Holoceno final,Bosque
80,29,17,46,0.35699797160243407,3.8260869565217392,0.009224437662467883,0.4044163743875947,NA,NA,Holoceno final,Estepa
80,20,12,32,0.3416666666666667,2.5625,0.14453346388698965,0.43042152111472265,NA,NA,Holoceno medio,Estepa
80,3,5,8,0.5333333333333333,1,0.16771513442918368,0.40399827607434763,NA,NA,Pleistoceno final,Estepa
81,0,0,0,NA,NA,NA,NA,NA,NA,Histórico,Bosque
81,0,0,0,NA,NA,NA,NA,NA,NA,Histórico,Estepa
81,17,9,26,0.3137254901960784,1.8461538461538463,0.7471806786910904,0.3240001166825216,NA,NA,Holoceno final,Bosque
81,29,17,46,0.35699797160243407,3.8260869565217392,0.028676338349194336,0.4009635256828574,NA,NA,Holoceno final,Estepa
81,20,12,32,0.3416666666666667,2.5625,0.16406428115893334,0.42894198116021515,NA,NA,Holoceno medio,Estepa
81,3,5,8,0.5333333333333333,1,0.17480099602184945,0.4153644424474159,NA,NA,Pleistoceno final,Estepa
82,0,0,0,NA,NA,NA,NA,NA,NA,Histórico,Bosque
82,0,0,0,NA,NA,NA,NA,NA,NA,Histórico,Estepa
82,17,9,26,0.3137254901960784,1.8461538461538463,0.7436017424903225,0.3224596198840036,NA,NA,Holoceno final,Bosque
82,29,17,46,0.35699797160243407,3.8260869565217392,0.014635499513562819,0.40357991399881193,NA,NA,Holoceno final,Estepa
82,20,12,32,0.3416666666666667,2.5625,0.1619274051889147,0.4223685949965282,NA,NA,Holoceno medio,Estepa
82,3,5,8,0.5333333333333333,1,0.20615379563526978,0.4090593963058909,NA,NA,Pleistoceno final,Estepa
83,0,0,0,NA,NA,NA,NA,NA,NA,Histórico,Bosque
83,0,0,0,NA,NA,NA,NA,NA,NA,Histórico,Estepa
83,17,9,26,0.3137254901960784,1.8461538461538463,0.7331037232934274,0.32285351359616976,NA,NA,Holoceno final,Bosque
83,29,17,46,0.35699797160243407,3.8260869565217392,0.024018455853841762,0.41829499091374606,NA,NA,Holoceno final,Estepa
83,20,12,32,0.3416666666666667,2.5625,0.136824148054061,0.42206182528806124,NA,NA,Holoceno medio,Estepa
83,3,5,8,0.5333333333333333,1,0.20185737806409915,0.40672600953925403,NA,NA,Pleistoceno final,Estepa
84,0,0,0,NA,NA,NA,NA,NA,NA,Histórico,Bosque
84,0,0,0,NA,NA,NA,NA,NA,NA,Histórico,Estepa
84,17,9,26,0.3137254901960784,1.8461538461538463,0.7503270752585275,0.3229919606367446,NA,NA,Holoceno final,Bosque
84,29,17,46,0.35699797160243407,3.8260869565217392,0.03297626782419144,0.39053064251823716,NA,NA,Holoceno final,Estepa
84,20,12,32,0.3416666666666667,2.5625,0.14735792235280645,0.42455067091192644,NA,NA,Holoceno medio,Estepa
84,3,5,8,0.5333333333333333,1,0.15131919949966297,0.4068490762390798,NA,NA,Pleistoceno final,Estepa
85,0,0,0,NA,NA,NA,NA,NA,NA,Histórico,Bosque
85,0,0,0,NA,NA,NA,NA,NA,NA,Histórico,Estepa
85,17,9,26,0.3137254901960784,1.8461538461538463,0.7528765782869711,0.3216149314729921,NA,NA,Holoceno final,Bosque
85,29,17,46,0.35699797160243407,3.8260869565217392,0.042494887028241675,0.392818826710769,NA,NA,Holoceno final,Estepa
85,20,12,32,0.3416666666666667,2.5625,0.16086299029496867,0.4197615226679671,NA,NA,Holoceno medio,Estepa
85,3,5,8,0.5333333333333333,1,0.24355587846494045,0.42436950781378263,NA,NA,Pleistoceno final,Estepa
86,0,0,0,NA,NA,NA,NA,NA,NA,Histórico,Bosque
86,0,0,0,NA,NA,NA,NA,NA,NA,Histórico,Estepa
86,17,9,26,0.3137254901960784,1.8461538461538463,0.7640794578766419,0.3193808514301225,NA,NA,Holoceno final,Bosque
86,29,17,46,0.35699797160243407,3.8260869565217392,0.049560245814423164,0.3780116780866219,NA,NA,Holoceno final,Estepa
86,20,12,32,0.3416666666666667,2.5625,0.1899416700582837,0.4154470622147608,NA,NA,Holoceno medio,Estepa
86,3,5,8,0.5333333333333333,1,0.20478891558787374,0.41723958245829684,NA,NA,Pleistoceno final,Estepa
87,0,0,0,NA,NA,NA,NA,NA,NA,Histórico,Bosque
87,0,0,0,NA,NA,NA,NA,NA,NA,Histórico,Estepa
87,17,9,26,0.3137254901960784,1.8461538461538463,0.7271035013662326,0.32167521849338865,NA,NA,Holoceno final,Bosque
87,29,17,46,0.35699797160243407,3.8260869565217392,-0.009381771889832212,0.43710835918031044,NA,NA,Holoceno final,Estepa
87,20,12,32,0.3416666666666667,2.5625,0.12070453345185958,0.4219924785674305,NA,NA,Holoceno medio,Estepa
87,3,5,8,0.5333333333333333,1,0.1787957004812088,0.40997023245251063,NA,NA,Pleistoceno final,Estepa
88,0,0,0,NA,NA,NA,NA,NA,NA,Histórico,Bosque
88,0,0,0,NA,NA,NA,NA,NA,NA,Histórico,Estepa
88,17,9,26,0.3137254901960784,1.8461538461538463,0.7320765917604742,0.32336645286382903,NA,NA,Holoceno final,Bosque
88,29,17,46,0.35699797160243407,3.8260869565217392,0.003540523296155877,0.4110813816066039,NA,NA,Holoceno final,Estepa
88,20,12,32,0.3416666666666667,2.5625,0.11769995184627997,0.4332814822370355,NA,NA,Holoceno medio,Estepa
88,3,5,8,0.5333333333333333,1,0.18067918124398988,0.42263689939576266,NA,NA,Pleistoceno final,Estepa
89,0,0,0,NA,NA,NA,NA,NA,NA,Histórico,Bosque
89,0,0,0,NA,NA,NA,NA,NA,NA,Histórico,Estepa
89,17,9,26,0.3137254901960784,1.8461538461538463,0.7396196331217194,0.3239510602772799,NA,NA,Holoceno final,Bosque
89,29,17,46,0.35699797160243407,3.8260869565217392,0.005522403087709613,0.41367315688715484,NA,NA,Holoceno final,Estepa
89,20,12,32,0.3416666666666667,2.5625,0.1507564271047802,0.4318030780215117,NA,NA,Holoceno medio,Estepa
89,3,5,8,0.5333333333333333,1,0.19465326097774752,0.4122044814433075,NA,NA,Pleistoceno final,Estepa
90,0,0,0,NA,NA,NA,NA,NA,NA,Histórico,Bosque
90,0,0,0,NA,NA,NA,NA,NA,NA,Histórico,Estepa
90,17,9,26,0.3137254901960784,1.8461538461538463,0.7394398020943629,0.3239139825288901,NA,NA,Holoceno final,Bosque
90,29,17,46,0.35699797160243407,3.8260869565217392,0.020673225424386186,0.40646327779406083,NA,NA,Holoceno final,Estepa
90,20,12,32,0.3416666666666667,2.5625,0.14751573826523764,0.43226542889390834,NA,NA,Holoceno medio,Estepa
90,3,5,8,0.5333333333333333,1,0.1740471729498781,0.42503703526541964,NA,NA,Pleistoceno final,Estepa
91,0,0,0,NA,NA,NA,NA,NA,NA,Histórico,Bosque
91,0,0,0,NA,NA,NA,NA,NA,NA,Histórico,Estepa
91,17,9,26,0.3137254901960784,1.8461538461538463,0.7518969748960542,0.3210437955161684,NA,NA,Holoceno final,Bosque
91,29,17,46,0.35699797160243407,3.8260869565217392,0.0488158429836946,0.38232687202799487,NA,NA,Holoceno final,Estepa
91,20,12,32,0.3416666666666667,2.5625,0.1563041544065439,0.4194771501887701,NA,NA,Holoceno medio,Estepa
91,3,5,8,0.5333333333333333,1,0.1973145404601824,0.4231350558216881,NA,NA,Pleistoceno final,Estepa
92,0,0,0,NA,NA,NA,NA,NA,NA,Histórico,Bosque
92,0,0,0,NA,NA,NA,NA,NA,NA,Histórico,Estepa
92,17,9,26,0.3137254901960784,1.8461538461538463,0.7477860046184208,0.3225192379045355,NA,NA,Holoceno final,Bosque
92,29,17,46,0.35699797160243407,3.8260869565217392,0.027395342499362863,0.39577583004102845,NA,NA,Holoceno final,Estepa
92,20,12,32,0.3416666666666667,2.5625,0.16144856140476901,0.427422105244192,NA,NA,Holoceno medio,Estepa
92,3,5,8,0.5333333333333333,1,0.175984698453617,0.41172877345246933,NA,NA,Pleistoceno final,Estepa
93,0,0,0,NA,NA,NA,NA,NA,NA,Histórico,Bosque
93,0,0,0,NA,NA,NA,NA,NA,NA,Histórico,Estepa
93,17,9,26,0.3137254901960784,1.8461538461538463,0.7670759937119918,0.3336262392692652,NA,NA,Holoceno final,Bosque
93,29,17,46,0.35699797160243407,3.8260869565217392,0.055769091255176144,0.3647840438528402,NA,NA,Holoceno final,Estepa
93,20,12,32,0.3416666666666667,2.5625,0.1789836629992613,0.40849569814700515,NA,NA,Holoceno medio,Estepa
93,3,5,8,0.5333333333333333,1,0.17460556587723752,0.40939164742240886,NA,NA,Pleistoceno final,Estepa
94,0,0,0,NA,NA,NA,NA,NA,NA,Histórico,Bosque
94,0,0,0,NA,NA,NA,NA,NA,NA,Histórico,Estepa
94,17,9,26,0.3137254901960784,1.8461538461538463,0.7396993117465657,0.3226045737845316,NA,NA,Holoceno final,Bosque
94,29,17,46,0.35699797160243407,3.8260869565217392,0.010589287139459934,0.4114291444939003,NA,NA,Holoceno final,Estepa
94,20,12,32,0.3416666666666667,2.5625,0.1455983457940051,0.42821419937489386,NA,NA,Holoceno medio,Estepa
94,3,5,8,0.5333333333333333,1,0.14082838188370522,0.3996544902781676,NA,NA,Pleistoceno final,Estepa
95,0,0,0,NA,NA,NA,NA,NA,NA,Histórico,Bosque
95,0,0,0,NA,NA,NA,NA,NA,NA,Histórico,Estepa
95,17,9,26,0.3137254901960784,1.8461538461538463,0.7287686162718174,0.32151920250166327,NA,NA,Holoceno final,Bosque
95,29,17,46,0.35699797160243407,3.8260869565217392,-0.013321181977060451,0.4398125539079687,NA,NA,Holoceno final,Estepa
95,20,12,32,0.3416666666666667,2.5625,0.12496821033307458,0.420523641385887,NA,NA,Holoceno medio,Estepa
95,3,5,8,0.5333333333333333,1,0.2268127023268597,0.4174948472380281,NA,NA,Pleistoceno final,Estepa
96,0,0,0,NA,NA,NA,NA,NA,NA,Histórico,Bosque
96,0,0,0,NA,NA,NA,NA,NA,NA,Histórico,Estepa
96,17,9,26,0.3137254901960784,1.8461538461538463,0.7299355084655276,0.3241486353670671,NA,NA,Holoceno final,Bosque
96,29,17,46,0.35699797160243407,3.8260869565217392,0.015249121368006888,0.4196912149299781,NA,NA,Holoceno final,Estepa
96,20,12,32,0.3416666666666667,2.5625,0.1209034930786394,0.4361923152356636,NA,NA,Holoceno medio,Estepa
96,3,5,8,0.5333333333333333,1,0.193775035356408,0.40047394884465765,NA,NA,Pleistoceno final,Estepa
97,0,0,0,NA,NA,NA,NA,NA,NA,Histórico,Bosque
97,0,0,0,NA,NA,NA,NA,NA,NA,Histórico,Estepa
97,17,9,26,0.3137254901960784,1.8461538461538463,0.7402164614906678,0.32339679119341924,NA,NA,Holoceno final,Bosque
97,29,17,46,0.35699797160243407,3.8260869565217392,0.020884632471403434,0.40727382611355084,NA,NA,Holoceno final,Estepa
97,20,12,32,0.3416666666666667,2.5625,0.15324248023889933,0.4267747190468472,NA,NA,Holoceno medio,Estepa
97,3,5,8,0.5333333333333333,1,0.22177183782154605,0.4214617275716192,NA,NA,Pleistoceno final,Estepa
98,0,0,0,NA,NA,NA,NA,NA,NA,Histórico,Bosque
98,0,0,0,NA,NA,NA,NA,NA,NA,Histórico,Estepa
98,17,9,26,0.3137254901960784,1.8461538461538463,0.7485818694563928,0.3223801393473593,NA,NA,Holoceno final,Bosque
98,29,17,46,0.35699797160243407,3.8260869565217392,0.02151806593312817,0.4073853395957942,NA,NA,Holoceno final,Estepa
98,20,12,32,0.3416666666666667,2.5625,0.1500311854312221,0.429924394506779,NA,NA,Holoceno medio,Estepa
98,3,5,8,0.5333333333333333,1,0.12891679538128964,0.42479696586223703,NA,NA,Pleistoceno final,Estepa
99,0,0,0,NA,NA,NA,NA,NA,NA,Histórico,Bosque
99,0,0,0,NA,NA,NA,NA,NA,NA,Histórico,Estepa
99,17,9,26,0.3137254901960784,1.8461538461538463,0.7470431587546361,0.322274413593913,NA,NA,Holoceno final,Bosque
99,29,17,46,0.35699797160243407,3.8260869565217392,0.032708498740275996,0.40207120893523035,NA,NA,Holoceno final,Estepa
99,20,12,32,0.3416666666666667,2.5625,0.1471939836071245,0.4217843867398238,NA,NA,Holoceno medio,Estepa
99,3,5,8,0.5333333333333333,1,0.22734158116054332,0.4155026377249807,NA,NA,Pleistoceno final,Estepa
100,0,0,0,NA,NA,NA,NA,NA,NA,Histórico,Bosque
100,0,0,0,NA,NA,NA,NA,NA,NA,Histórico,Estepa
100,17,9,26,0.3137254901960784,1.8461538461538463,0.7435978299097409,0.3219129483665355,NA,NA,Holoceno final,Bosque
100,29,17,46,0.35699797160243407,3.8260869565217392,0.0287063648568126,0.4060415128046939,NA,NA,Holoceno final,Estepa
100,20,12,32,0.3416666666666667,2.5625,0.1553184937618337,0.4278695191325652,NA,NA,Holoceno medio,Estepa
100,3,5,8,0.5333333333333333,1,0.2015419830514221,0.4247701000438021,NA,NA,Pleistoceno final,Estepa
