"","Prey","Predator","Int_prob","Locality"
"1","Hippocamelus_bisulcus","Fake_carnivore1",0,"CN26_4000"
"2","Lama_guanicoe","Fake_carnivore1",0,"CN26_4000"
"3","Lophonetta_specularioides","Fake_carnivore1",0.85437,"CN26_4000"
"4","Sterna_hirundinacea","Fake_carnivore1",0.26765,"CN26_4000"
"5","Tachyeres_pteneres","Fake_carnivore1",0.74823,"CN26_4000"
"6","Hippocamelus_bisulcus","Fake_carnivore2",0.85437,"CN26_4000"
"7","Lama_guanicoe","Fake_carnivore2",0.85146,"CN26_4000"
"8","Lophonetta_specularioides","Fake_carnivore2",0,"CN26_4000"
"9","Sterna_hirundinacea","Fake_carnivore2",0,"CN26_4000"
"10","Tachyeres_pteneres","Fake_carnivore2",0.04165,"CN26_4000"
"11","Anatidae","Fake_carnivore1",0.74823,"RC1_6284"
"12","Cricetidae","Fake_carnivore1",0.05244,"RC1_6284"
"13","Euneomys_chinchilloides","Fake_carnivore1",0.00977,"RC1_6284"
"14","Lama_guanicoe","Fake_carnivore1",0,"RC1_6284"
"15","Anatidae","Fake_carnivore2",0.02529,"RC1_6284"
"16","Cricetidae","Fake_carnivore2",0,"RC1_6284"
"17","Euneomys_chinchilloides","Fake_carnivore2",0,"RC1_6284"
"18","Lama_guanicoe","Fake_carnivore2",0.86019,"RC1_6284"
"19","Anatidae","Falconidae",0.20388,"RC1_6284"
"20","Cricetidae","Falconidae",0.32442,"RC1_6284"
"21","Euneomys_chinchilloides","Falconidae",0.09343,"RC1_6284"
"22","Lama_guanicoe","Falconidae",0,"RC1_6284"
"23","Tachyeres_pteneres","Fake_carnivore1",0.74646,"CN29_4700"
"24","Tachyeres_pteneres","Fake_carnivore2",0.02859,"CN29_4700"
